_id,date,client_id,software_id
1,2016-11-13 21:26:41,796,7
2,2017-02-09 20:39:27,878,21
3,2017-04-16 09:16:20,680,17
4,2017-07-14 10:48:50,134,26
5,2017-07-26 01:49:17,523,53
6,2017-05-30 15:01:07,975,41
7,2017-06-05 07:07:45,204,15
8,2017-01-03 16:00:08,846,6
9,2016-10-06 14:02:04,723,38
10,2017-03-26 00:00:49,712,40
11,2016-10-10 06:01:28,186,53
12,2017-08-10 12:27:16,199,76
13,2016-11-27 09:16:17,491,65
14,2017-04-04 15:48:14,764,84
15,2016-11-19 15:53:39,646,61
16,2016-10-03 20:59:35,162,45
17,2016-11-08 12:22:23,669,4
18,2017-03-18 11:18:56,644,35
19,2017-01-11 14:09:26,208,78
20,2017-08-11 02:38:13,605,73
21,2017-01-16 07:07:13,301,58
22,2016-11-10 14:22:07,136,51
23,2016-10-08 02:52:50,725,99
24,2017-01-23 13:24:19,562,45
25,2017-01-27 13:38:48,357,28
26,2017-06-24 23:32:30,841,55
27,2016-12-13 23:19:35,795,4
28,2017-01-16 19:15:27,293,29
29,2017-03-28 19:04:53,685,6
30,2017-07-13 00:20:05,118,34
31,2017-07-18 03:09:26,656,28
32,2017-06-18 13:22:42,773,33
33,2016-12-22 22:19:11,319,42
34,2017-07-31 12:16:13,672,53
35,2017-06-18 10:15:54,193,28
36,2017-05-31 14:02:57,256,50
37,2017-02-04 17:59:40,856,40
38,2017-07-07 00:06:17,996,59
39,2016-11-08 14:22:11,373,56
40,2017-08-05 14:57:30,27,73
41,2016-10-05 02:45:05,831,87
42,2017-03-08 14:27:04,270,63
43,2017-02-18 21:02:25,907,57
44,2017-06-20 08:22:22,910,60
45,2017-07-26 16:41:52,618,3
46,2016-09-30 01:37:47,923,28
47,2017-03-14 23:22:33,306,70
48,2017-06-12 18:59:12,598,63
49,2016-09-13 11:30:04,110,27
50,2017-04-15 01:13:17,150,31
51,2017-08-06 20:33:16,546,41
52,2017-04-19 05:57:37,795,41
53,2017-02-18 22:48:50,796,80
54,2017-09-03 12:45:04,981,17
55,2017-08-23 22:40:35,348,1
56,2016-12-06 10:20:07,897,18
57,2017-01-13 02:42:33,876,17
58,2016-10-22 23:13:35,803,79
59,2016-10-11 08:11:16,729,72
60,2017-07-05 01:47:01,373,35
61,2017-07-09 14:34:50,739,30
62,2016-10-05 03:10:45,620,5
63,2016-09-13 23:43:00,989,22
64,2016-11-27 17:39:02,669,10
65,2016-10-15 12:23:44,487,82
66,2017-04-18 18:31:12,402,4
67,2017-03-19 22:21:16,223,20
68,2016-09-29 07:14:57,434,2
69,2017-01-10 06:48:02,987,42
70,2017-04-13 16:58:34,187,34
71,2017-06-13 06:08:57,422,9
72,2016-10-08 18:17:14,512,30
73,2016-11-19 03:34:26,250,32
74,2016-09-17 17:30:28,78,98
75,2017-06-21 16:00:40,27,46
76,2016-12-07 00:09:35,325,77
77,2016-10-23 04:43:21,746,95
78,2017-06-03 05:40:39,810,74
79,2016-12-25 00:33:39,163,48
80,2016-09-21 15:49:18,833,65
81,2017-02-03 22:47:43,296,24
82,2016-10-19 11:29:58,681,52
83,2016-12-04 20:04:30,430,12
84,2017-08-10 08:16:50,537,42
85,2016-12-07 14:51:59,528,73
86,2017-03-20 18:08:56,750,95
87,2017-06-20 06:00:41,807,27
88,2017-05-13 09:36:41,247,6
89,2017-05-31 02:42:09,576,33
90,2017-06-29 14:24:10,35,61
91,2016-09-21 12:36:21,775,36
92,2016-11-04 16:57:47,367,52
93,2016-12-23 08:56:37,304,18
94,2017-06-29 15:29:14,254,47
95,2017-03-23 19:23:24,654,9
96,2016-11-16 17:46:08,115,95
97,2017-05-04 16:19:03,321,80
98,2016-10-09 08:55:23,467,75
99,2017-01-04 17:22:45,910,1
100,2016-12-17 02:15:38,166,44
101,2017-08-12 14:52:11,727,92
102,2017-07-04 06:48:10,387,54
103,2017-01-18 12:04:38,176,64
104,2017-08-28 07:29:31,589,76
105,2017-06-08 22:42:35,958,63
106,2017-03-05 12:22:54,354,74
107,2016-10-23 07:57:02,982,72
108,2017-08-01 16:42:14,253,29
109,2017-03-14 00:21:50,896,51
110,2017-07-27 22:45:18,752,55
111,2017-02-14 17:51:49,593,87
112,2017-03-23 07:43:58,498,92
113,2017-09-10 15:50:00,662,97
114,2017-01-28 22:32:08,664,58
115,2017-08-01 21:35:10,968,83
116,2017-05-04 10:12:42,9,70
117,2017-08-15 22:11:17,744,40
118,2016-11-20 17:19:20,227,92
119,2017-08-31 03:39:04,29,82
120,2017-02-22 10:13:15,671,99
121,2016-09-24 15:10:15,437,3
122,2016-11-20 02:14:11,718,42
123,2017-08-20 17:28:49,744,98
124,2017-06-14 23:35:54,704,64
125,2017-02-09 12:29:05,477,46
126,2017-03-02 04:13:21,189,7
127,2017-01-25 15:26:33,321,69
128,2017-03-26 08:31:40,983,99
129,2017-02-25 15:31:02,651,65
130,2017-05-09 12:36:17,553,62
131,2016-12-10 03:04:29,474,57
132,2017-04-16 12:43:18,314,22
133,2016-12-03 00:25:05,956,54
134,2016-11-15 13:03:07,137,99
135,2016-10-29 06:44:05,355,81
136,2016-12-26 14:45:57,970,80
137,2017-04-21 03:38:48,832,69
138,2017-06-14 13:10:58,210,58
139,2017-07-28 19:31:17,658,92
140,2016-09-30 14:36:54,215,14
141,2017-05-08 14:21:56,368,41
142,2017-03-14 10:18:48,203,69
143,2016-09-21 06:19:05,90,19
144,2017-07-06 19:35:37,671,74
145,2017-06-15 10:51:47,830,23
146,2016-11-19 10:11:56,359,31
147,2016-11-24 11:06:38,784,68
148,2016-11-11 05:10:23,521,74
149,2017-09-01 02:17:00,212,66
150,2017-06-11 08:59:49,724,57
151,2016-10-04 15:14:50,465,70
152,2016-12-09 06:36:07,357,30
153,2016-11-21 23:56:54,382,57
154,2017-03-26 14:48:21,871,4
155,2016-09-16 10:03:17,480,9
156,2017-09-01 09:39:17,173,85
157,2016-12-20 16:09:57,489,38
158,2017-06-13 16:37:50,535,58
159,2016-11-26 16:16:50,561,21
160,2017-05-24 15:37:22,318,40
161,2017-07-12 08:09:58,428,68
162,2017-01-07 21:04:05,695,22
163,2017-06-07 06:09:18,349,22
164,2016-10-20 17:07:04,952,56
165,2017-06-27 01:12:00,872,68
166,2016-12-11 17:50:10,126,34
167,2017-07-19 11:39:55,369,49
168,2016-10-17 07:45:01,632,76
169,2017-09-08 19:34:33,49,51
170,2017-07-15 21:09:08,790,53
171,2017-05-15 10:58:25,588,97
172,2017-05-19 11:59:28,375,8
173,2016-12-21 20:34:09,338,91
174,2017-09-11 08:22:32,654,90
175,2016-10-20 01:01:45,114,98
176,2017-06-07 03:31:39,290,55
177,2016-09-14 00:24:37,648,99
178,2017-01-17 19:38:57,754,100
179,2017-04-02 17:35:05,199,71
180,2016-09-20 04:29:03,556,8
181,2017-06-11 09:24:50,381,69
182,2017-06-12 01:54:31,407,75
183,2017-08-08 18:32:00,163,4
184,2017-01-26 01:12:29,500,22
185,2017-05-16 06:26:54,541,29
186,2016-10-01 10:57:31,739,13
187,2017-02-28 03:11:23,252,12
188,2017-05-10 21:06:40,205,59
189,2017-07-20 15:18:48,22,86
190,2017-02-25 20:37:59,488,14
191,2017-06-18 01:51:13,831,78
192,2016-11-29 23:25:19,678,48
193,2017-02-15 11:41:53,760,44
194,2016-12-01 22:54:01,475,96
195,2017-09-05 00:00:14,137,3
196,2016-10-11 05:49:11,29,52
197,2016-11-11 10:52:57,711,44
198,2017-06-06 15:48:45,267,88
199,2016-09-21 16:34:41,473,77
200,2017-06-06 19:13:36,84,2
201,2017-01-24 15:57:00,56,83
202,2017-06-05 11:09:19,142,31
203,2016-10-20 16:34:46,934,35
204,2016-11-09 22:27:39,896,96
205,2017-07-26 09:27:01,206,39
206,2016-12-22 08:27:57,91,4
207,2017-04-06 04:59:22,160,77
208,2017-04-12 21:12:47,515,92
209,2017-03-25 03:23:30,199,99
210,2017-05-03 02:15:48,878,34
211,2017-06-14 15:00:35,19,91
212,2017-02-15 18:13:37,853,73
213,2017-01-05 14:38:49,341,12
214,2016-12-02 06:49:51,602,82
215,2016-09-28 01:39:35,886,69
216,2016-10-02 20:38:35,826,95
217,2016-12-31 15:18:49,507,97
218,2017-02-01 02:00:21,249,45
219,2017-04-21 03:30:46,315,15
220,2016-10-16 19:02:05,396,53
221,2016-12-26 21:24:41,528,49
222,2016-11-25 09:38:01,557,69
223,2017-01-11 12:12:15,254,8
224,2016-10-18 11:50:00,607,46
225,2016-11-23 21:58:07,60,49
226,2017-03-10 00:04:50,787,8
227,2017-06-29 01:52:01,390,64
228,2017-01-19 21:26:00,806,73
229,2016-09-20 17:08:15,758,41
230,2017-08-20 13:49:08,543,65
231,2016-12-26 18:37:40,92,37
232,2017-07-02 04:50:17,586,60
233,2016-09-23 08:21:45,336,84
234,2017-01-10 04:49:38,39,66
235,2016-09-17 08:06:10,978,44
236,2017-04-01 23:32:42,171,51
237,2017-01-17 13:47:54,920,73
238,2016-10-03 19:21:03,193,18
239,2017-06-25 21:58:56,797,80
240,2017-02-05 16:57:36,625,86
241,2017-08-12 14:16:27,283,42
242,2017-01-19 22:05:28,934,68
243,2017-03-24 20:05:53,50,74
244,2017-02-13 10:23:59,402,81
245,2016-11-13 11:02:13,146,95
246,2017-03-31 17:44:49,451,24
247,2017-06-04 10:37:25,313,4
248,2017-04-19 03:03:57,836,65
249,2017-02-03 23:33:01,869,88
250,2017-05-24 04:38:22,299,85
251,2017-04-10 05:45:54,308,47
252,2016-10-26 03:59:21,353,23
253,2017-05-12 00:31:44,195,55
254,2017-02-16 13:28:42,401,100
255,2017-02-17 19:06:14,343,3
256,2017-09-10 21:38:10,847,63
257,2017-04-22 05:45:38,437,78
258,2017-03-08 02:59:36,298,49
259,2017-07-29 05:02:56,519,70
260,2017-01-03 00:33:35,293,67
261,2016-12-21 13:32:27,644,75
262,2017-05-12 16:01:47,902,96
263,2017-05-01 20:26:44,779,74
264,2017-01-13 11:02:30,605,65
265,2017-04-07 15:33:59,611,91
266,2017-03-06 00:51:36,495,92
267,2016-09-23 02:31:04,371,85
268,2017-04-25 17:28:48,147,57
269,2016-12-01 08:43:01,391,55
270,2016-10-15 06:23:31,556,74
271,2017-07-22 12:19:16,572,41
272,2016-10-04 07:29:16,359,1
273,2016-12-09 21:19:23,183,66
274,2017-05-25 22:31:37,495,71
275,2016-11-03 22:09:12,357,79
276,2017-04-03 23:40:51,366,1
277,2016-09-13 00:06:05,531,27
278,2017-04-15 20:33:21,957,31
279,2016-10-20 08:43:34,4,57
280,2016-11-16 06:23:45,957,62
281,2017-08-31 16:22:47,464,46
282,2016-11-26 09:35:39,533,84
283,2017-06-14 18:14:06,297,68
284,2017-02-09 11:08:31,399,69
285,2016-11-27 14:52:40,226,96
286,2017-07-02 13:01:14,421,80
287,2017-01-27 08:15:59,358,78
288,2017-08-05 22:19:44,806,55
289,2017-04-06 18:32:39,436,31
290,2017-07-01 05:05:32,242,80
291,2017-05-30 11:40:50,88,61
292,2017-05-26 07:25:03,793,62
293,2017-05-23 20:51:39,874,75
294,2017-04-12 11:05:35,927,88
295,2016-09-21 16:55:31,310,89
296,2017-04-14 08:48:58,492,78
297,2017-09-01 04:05:33,334,3
298,2017-04-06 16:43:33,607,63
299,2017-01-30 19:40:26,704,1
300,2017-09-06 18:11:25,317,93
301,2017-02-28 22:43:14,961,74
302,2016-10-17 16:06:34,728,32
303,2017-06-09 02:16:36,517,54
304,2016-12-22 09:56:38,859,96
305,2017-03-03 00:35:39,834,11
306,2016-12-03 03:33:09,745,93
307,2016-10-26 15:04:45,708,54
308,2017-08-17 15:52:55,539,59
309,2017-05-01 22:05:19,286,47
310,2016-10-03 22:55:10,460,60
311,2016-11-30 01:02:24,348,96
312,2016-12-26 09:09:13,368,69
313,2017-07-24 13:08:42,976,98
314,2017-05-03 13:35:51,311,68
315,2017-06-01 05:36:37,981,63
316,2016-10-25 16:44:59,609,95
317,2017-01-05 17:32:54,365,34
318,2016-12-31 14:29:43,260,89
319,2017-03-27 03:29:55,869,12
320,2017-05-12 10:47:22,834,71
321,2016-10-06 21:39:25,219,58
322,2017-01-09 02:05:53,623,93
323,2016-10-03 09:05:11,115,17
324,2017-06-15 12:10:28,508,41
325,2017-03-26 05:48:35,626,97
326,2017-07-24 05:24:11,996,98
327,2017-04-29 23:19:27,918,37
328,2017-03-14 14:11:13,654,90
329,2016-09-22 07:20:01,338,97
330,2017-02-17 22:42:50,574,32
331,2016-11-07 03:48:14,591,19
332,2017-06-24 09:41:10,260,96
333,2017-03-14 18:38:03,519,52
334,2017-07-04 19:25:14,837,39
335,2017-09-03 22:51:25,638,68
336,2017-08-23 03:37:32,90,86
337,2017-04-29 16:30:31,249,72
338,2016-10-12 10:50:29,783,37
339,2017-04-06 01:19:59,874,29
340,2017-05-21 23:34:05,764,50
341,2017-01-11 22:38:39,257,76
342,2016-10-15 09:34:48,472,18
343,2017-04-04 21:51:13,122,13
344,2016-11-10 06:05:56,69,46
345,2017-02-28 05:10:27,89,65
346,2017-06-29 01:55:28,779,68
347,2016-11-17 11:07:15,825,4
348,2017-04-01 09:38:38,636,35
349,2017-03-20 09:10:53,557,48
350,2017-03-06 19:24:37,730,20
351,2017-05-22 14:14:17,142,82
352,2016-12-05 05:45:43,50,40
353,2017-01-07 22:09:01,531,84
354,2017-02-13 15:22:34,754,41
355,2017-08-15 00:41:15,122,52
356,2017-02-05 09:06:18,903,38
357,2017-04-30 20:44:26,277,38
358,2017-06-04 15:11:53,554,40
359,2017-02-28 11:17:05,500,63
360,2017-01-30 16:15:16,859,59
361,2017-05-07 05:47:01,265,64
362,2017-03-08 04:26:49,269,9
363,2017-01-31 23:52:51,674,91
364,2017-04-10 21:35:54,431,24
365,2017-09-10 12:14:10,376,16
366,2017-04-07 12:44:47,425,52
367,2017-08-19 08:49:08,979,48
368,2016-11-07 02:09:58,908,51
369,2017-08-15 01:10:32,307,67
370,2017-07-15 15:01:34,913,43
371,2017-01-10 11:17:28,179,82
372,2016-10-10 09:34:03,808,46
373,2017-07-11 14:51:15,190,37
374,2016-10-08 07:57:20,854,69
375,2017-04-10 19:20:01,984,72
376,2016-12-30 18:42:13,278,25
377,2017-09-02 06:34:40,349,55
378,2017-03-10 12:46:01,336,3
379,2017-09-07 01:39:09,450,77
380,2017-04-11 04:27:58,253,83
381,2017-02-03 19:59:40,927,68
382,2017-06-28 19:10:05,342,91
383,2017-01-14 00:17:18,152,25
384,2017-05-01 23:39:50,413,46
385,2016-12-03 09:13:55,911,33
386,2016-10-21 22:25:29,886,9
387,2017-08-30 12:26:52,141,70
388,2017-04-19 14:14:57,545,33
389,2017-01-01 19:24:29,54,40
390,2017-04-16 08:05:54,19,4
391,2017-05-18 18:49:45,110,30
392,2017-03-09 17:03:35,285,46
393,2017-02-04 00:07:23,842,63
394,2017-08-29 10:49:33,480,30
395,2017-02-17 07:46:55,387,74
396,2017-04-21 22:19:53,116,32
397,2017-02-21 00:57:51,410,46
398,2017-01-02 11:50:01,217,57
399,2017-03-25 14:52:04,707,63
400,2016-10-14 00:59:13,19,62
401,2017-04-17 06:11:53,955,91
402,2017-03-30 08:16:35,706,10
403,2017-01-23 04:39:32,597,25
404,2016-11-28 12:13:19,425,66
405,2016-10-15 07:27:41,648,45
406,2017-05-26 06:19:50,688,76
407,2017-01-03 12:34:42,739,98
408,2016-11-26 12:39:29,216,59
409,2017-02-11 00:48:34,592,70
410,2017-06-07 19:55:48,872,98
411,2017-07-04 17:19:37,428,99
412,2016-09-22 14:55:47,291,84
413,2017-05-22 20:24:27,445,51
414,2016-11-21 16:01:41,398,16
415,2016-11-29 09:09:55,138,42
416,2017-01-03 07:59:10,767,10
417,2017-06-21 05:39:37,320,48
418,2017-03-20 03:25:51,188,92
419,2016-12-19 21:39:42,723,62
420,2017-08-02 00:02:09,567,38
421,2017-09-07 10:11:14,56,26
422,2017-02-14 05:43:40,128,80
423,2016-10-14 13:54:36,226,35
424,2017-02-11 06:52:11,375,82
425,2017-05-08 07:31:40,39,25
426,2016-10-23 05:28:05,795,47
427,2017-01-06 00:45:02,234,9
428,2017-04-10 22:57:34,303,68
429,2017-04-19 06:27:32,594,71
430,2017-01-06 05:09:11,829,74
431,2017-04-27 16:21:25,116,60
432,2017-06-18 10:54:52,823,44
433,2017-07-15 01:26:32,68,2
434,2017-08-03 18:19:25,352,79
435,2017-08-15 23:32:39,623,92
436,2016-09-22 08:26:31,160,68
437,2017-08-28 03:34:14,173,29
438,2017-06-29 04:51:19,472,40
439,2017-03-19 07:58:31,632,85
440,2017-01-30 23:45:41,215,67
441,2017-03-13 07:37:41,93,1
442,2017-02-08 20:26:15,136,33
443,2017-08-14 22:50:20,95,44
444,2016-09-14 01:43:18,5,69
445,2016-12-31 01:33:45,139,84
446,2016-12-23 16:32:37,419,26
447,2017-08-23 11:06:54,429,25
448,2017-07-10 21:01:06,690,50
449,2017-03-23 14:05:43,252,5
450,2016-09-27 01:58:57,286,88
451,2017-04-20 09:22:30,959,45
452,2016-12-11 00:13:21,552,14
453,2016-10-30 06:20:53,733,3
454,2017-03-15 02:40:31,529,37
455,2016-12-24 18:13:46,870,75
456,2017-01-08 13:39:34,34,97
457,2017-08-30 18:01:11,752,17
458,2017-03-16 07:35:03,289,85
459,2017-04-24 01:41:37,608,30
460,2016-11-07 14:47:21,535,75
461,2017-08-23 19:00:32,127,96
462,2017-05-07 00:26:04,1000,56
463,2017-03-11 13:31:35,196,69
464,2017-07-25 03:00:07,51,45
465,2017-05-10 06:12:07,729,34
466,2017-04-28 10:18:31,322,69
467,2017-04-14 21:54:40,781,88
468,2017-01-05 21:16:06,820,52
469,2016-09-18 13:29:13,896,35
470,2017-07-12 03:18:37,878,77
471,2017-03-12 02:21:29,91,92
472,2016-12-08 04:13:55,727,85
473,2016-09-19 05:48:02,80,2
474,2017-01-10 00:05:08,689,69
475,2017-07-17 06:51:25,308,23
476,2017-04-10 08:20:07,432,44
477,2016-10-15 17:05:07,177,44
478,2017-02-27 20:58:48,989,38
479,2017-04-19 08:48:19,120,4
480,2017-05-14 17:23:35,819,85
481,2017-05-16 11:04:06,375,14
482,2016-11-17 03:51:29,536,16
483,2017-06-30 03:32:14,13,36
484,2017-03-02 00:16:39,669,91
485,2016-12-21 20:11:44,703,55
486,2017-08-23 10:25:32,673,80
487,2016-12-26 19:39:02,457,40
488,2017-01-18 06:51:39,635,54
489,2017-05-20 14:20:57,413,33
490,2017-08-21 09:11:47,222,73
491,2017-08-22 21:53:59,547,66
492,2017-01-27 20:35:38,155,73
493,2016-10-02 10:40:20,85,15
494,2017-08-17 16:58:45,95,21
495,2017-01-09 19:36:33,181,92
496,2016-11-26 11:01:23,52,56
497,2016-12-07 02:24:56,53,59
498,2016-10-03 07:30:17,710,7
499,2017-08-09 10:04:09,942,38
500,2017-09-04 11:41:32,972,65
501,2016-12-21 10:10:44,924,65
502,2017-08-16 11:30:54,437,38
503,2016-10-27 21:55:09,43,8
504,2017-05-29 04:18:25,916,46
505,2016-12-07 19:32:32,395,14
506,2016-10-07 05:10:55,176,95
507,2017-02-24 17:05:40,791,33
508,2017-02-17 14:44:09,663,88
509,2017-08-23 06:12:25,473,76
510,2017-05-17 09:29:20,79,66
511,2016-11-27 11:21:45,670,13
512,2017-06-22 05:14:48,209,73
513,2016-09-29 00:25:06,717,92
514,2017-07-25 21:20:06,786,66
515,2017-06-27 17:21:45,297,76
516,2017-04-30 14:22:52,303,22
517,2016-09-28 15:17:33,402,74
518,2017-06-14 19:22:59,600,45
519,2017-03-21 11:12:17,811,52
520,2017-02-23 16:26:28,900,21
521,2017-07-27 13:04:28,653,8
522,2016-10-12 21:46:50,145,45
523,2017-02-16 12:11:17,406,81
524,2016-12-15 08:50:10,319,88
525,2017-06-06 00:41:35,565,40
526,2016-09-13 02:08:17,531,24
527,2016-09-20 00:43:31,528,74
528,2017-06-21 23:11:05,956,25
529,2016-09-18 21:55:04,657,75
530,2017-05-10 19:49:01,903,96
531,2016-11-21 15:21:16,499,21
532,2017-09-10 04:23:35,173,91
533,2017-04-21 21:00:08,945,78
534,2017-08-27 12:44:33,345,76
535,2017-03-09 21:08:03,288,25
536,2016-10-12 12:02:46,960,95
537,2017-06-18 00:31:09,320,11
538,2017-02-25 20:47:48,385,73
539,2017-01-20 22:45:44,912,71
540,2017-03-15 05:11:57,602,48
541,2017-08-06 03:47:29,101,14
542,2017-05-02 16:30:47,710,63
543,2016-10-16 07:09:35,871,67
544,2017-08-30 01:41:47,872,53
545,2016-10-25 18:42:47,406,78
546,2016-12-12 08:17:07,480,91
547,2017-01-03 03:56:38,980,66
548,2017-07-05 04:37:11,806,93
549,2016-12-23 15:43:57,425,15
550,2017-01-07 21:43:07,680,72
551,2016-11-03 06:33:21,395,64
552,2016-12-07 07:49:05,654,72
553,2017-01-08 02:14:53,745,4
554,2017-09-05 20:59:14,438,66
555,2017-08-19 16:01:03,741,4
556,2017-02-05 02:44:24,132,85
557,2016-09-20 02:58:38,171,85
558,2016-09-26 14:07:42,468,5
559,2017-04-10 08:06:08,506,34
560,2017-03-26 05:35:47,568,92
561,2017-08-02 16:42:51,114,5
562,2017-02-02 03:41:36,817,10
563,2016-09-18 15:15:33,700,63
564,2017-06-17 22:44:43,17,13
565,2017-04-30 17:50:11,772,70
566,2016-10-02 22:02:00,838,17
567,2016-10-01 06:10:58,337,50
568,2017-02-12 03:43:49,879,9
569,2017-09-07 06:37:42,529,32
570,2016-11-12 13:36:30,737,27
571,2016-10-04 04:21:49,356,87
572,2017-03-26 12:05:57,109,53
573,2017-04-04 23:47:49,710,58
574,2017-06-19 18:46:53,568,22
575,2017-06-18 11:10:40,916,14
576,2017-06-02 22:59:15,127,3
577,2017-06-16 03:42:30,183,95
578,2017-04-07 22:56:41,122,89
579,2017-08-09 06:29:31,565,14
580,2016-12-02 13:27:48,8,34
581,2016-10-05 10:20:00,835,85
582,2017-03-18 02:41:15,502,18
583,2016-11-27 21:59:04,336,39
584,2016-11-27 04:23:04,252,87
585,2016-12-31 00:58:54,697,99
586,2016-09-28 01:24:33,132,6
587,2016-12-19 03:05:10,857,25
588,2017-01-21 14:16:22,578,57
589,2017-09-07 15:01:24,817,15
590,2016-12-10 04:12:02,781,74
591,2016-11-09 03:59:00,280,91
592,2017-07-01 23:42:01,762,47
593,2016-09-13 22:02:59,850,89
594,2017-03-16 17:01:53,345,42
595,2017-09-01 10:51:07,21,36
596,2017-01-20 06:38:29,750,86
597,2016-11-14 10:33:07,197,26
598,2017-01-12 09:46:28,27,54
599,2016-10-08 20:54:26,632,28
600,2017-02-24 09:24:38,396,33
601,2017-05-25 22:19:57,267,53
602,2017-04-19 02:48:45,381,13
603,2017-09-02 22:09:55,768,96
604,2017-05-25 04:39:52,689,59
605,2017-06-06 23:29:41,104,47
606,2017-04-05 04:48:20,317,39
607,2017-03-21 11:57:07,375,8
608,2017-06-11 16:54:23,847,23
609,2017-06-23 11:17:23,960,20
610,2017-08-21 17:48:25,638,99
611,2017-05-31 15:57:23,543,39
612,2017-02-06 18:11:13,836,74
613,2017-03-24 04:10:31,640,87
614,2017-06-04 09:24:55,271,28
615,2016-09-21 16:07:13,141,67
616,2017-03-15 15:03:23,600,41
617,2017-04-11 21:37:09,193,99
618,2016-10-23 08:17:16,531,96
619,2016-12-28 03:49:39,940,22
620,2016-10-30 15:04:37,545,5
621,2017-07-03 01:50:10,687,87
622,2017-05-11 20:39:23,427,7
623,2017-05-29 23:11:36,939,28
624,2017-03-15 15:45:46,286,90
625,2017-03-09 20:21:37,464,93
626,2016-12-21 20:23:06,879,1
627,2017-02-21 12:06:06,311,72
628,2017-05-04 23:38:33,746,95
629,2016-11-02 20:35:58,577,2
630,2016-11-03 11:58:03,222,72
631,2017-02-20 22:24:18,683,83
632,2017-02-07 03:19:18,126,88
633,2017-01-07 21:40:14,802,66
634,2017-07-01 16:30:25,835,75
635,2016-12-02 11:59:06,874,38
636,2017-02-01 21:02:49,784,57
637,2017-06-02 10:56:20,240,22
638,2017-01-29 15:08:15,622,18
639,2017-05-24 08:49:22,483,91
640,2016-09-27 06:37:05,76,95
641,2017-04-02 06:52:36,830,96
642,2016-11-22 19:49:47,952,15
643,2017-08-20 02:07:27,669,70
644,2017-01-01 00:18:20,91,25
645,2017-04-10 16:13:16,714,32
646,2016-11-04 16:30:26,963,40
647,2017-01-27 15:53:52,133,9
648,2017-01-26 23:08:21,271,94
649,2017-01-01 18:24:44,744,11
650,2016-10-11 23:03:56,675,62
651,2016-11-12 09:47:43,485,46
652,2017-08-13 07:39:10,178,73
653,2016-11-29 11:11:02,669,80
654,2017-04-25 14:58:17,902,16
655,2017-08-18 01:32:34,706,98
656,2017-01-18 23:49:21,98,54
657,2017-05-08 10:09:41,932,5
658,2017-07-12 05:28:01,676,61
659,2017-01-22 10:49:27,747,77
660,2017-06-11 21:16:24,845,47
661,2017-07-27 01:41:25,78,81
662,2017-01-14 04:59:49,857,21
663,2016-11-09 11:54:15,896,13
664,2017-03-13 03:51:06,145,64
665,2017-03-15 11:26:46,233,82
666,2017-04-23 18:50:11,256,72
667,2017-06-20 09:42:31,278,44
668,2017-04-16 10:36:52,442,95
669,2016-10-13 06:36:26,232,35
670,2016-12-15 03:47:05,99,94
671,2017-03-06 08:42:46,321,20
672,2016-11-20 06:01:27,473,26
673,2016-11-18 09:48:09,246,15
674,2017-01-06 20:00:09,853,100
675,2017-03-31 22:11:30,915,70
676,2016-11-13 18:49:29,453,100
677,2016-12-12 12:04:58,506,31
678,2017-08-28 02:49:24,202,41
679,2017-06-10 04:36:58,436,35
680,2017-01-16 20:16:40,39,67
681,2016-11-08 16:26:19,165,30
682,2017-06-23 05:44:25,387,45
683,2017-05-21 14:17:01,726,83
684,2016-09-26 11:54:06,390,96
685,2017-08-07 15:20:02,172,49
686,2017-01-30 22:22:46,894,50
687,2017-01-11 07:26:46,684,37
688,2017-03-06 02:16:25,745,93
689,2016-11-24 03:37:35,515,60
690,2017-02-20 06:32:32,921,43
691,2017-04-15 12:45:32,295,38
692,2017-05-03 01:22:55,421,80
693,2017-06-15 05:21:35,682,63
694,2017-06-10 11:09:30,201,12
695,2016-09-20 21:40:24,969,24
696,2017-03-22 19:05:01,787,14
697,2017-05-05 14:49:01,532,18
698,2017-06-26 22:36:16,577,26
699,2017-06-18 04:43:37,1,97
700,2016-11-25 21:46:48,215,18
701,2016-11-21 19:07:26,454,11
702,2016-09-17 21:18:44,664,14
703,2017-08-19 02:42:58,475,41
704,2017-01-22 18:36:59,67,99
705,2017-08-14 20:45:27,7,99
706,2016-11-15 10:35:04,418,31
707,2017-02-13 19:26:40,361,84
708,2016-12-18 12:07:14,101,5
709,2017-06-06 04:12:10,462,31
710,2017-05-12 21:01:33,161,43
711,2017-02-08 03:12:18,540,95
712,2017-02-18 07:38:04,564,8
713,2017-03-04 15:21:40,120,14
714,2017-02-10 14:30:52,329,12
715,2017-01-14 16:22:03,106,55
716,2017-06-09 02:15:15,292,56
717,2017-08-19 08:29:52,651,96
718,2016-10-02 18:46:14,698,13
719,2016-09-12 14:44:49,365,77
720,2017-01-11 15:30:51,115,38
721,2017-06-25 09:24:45,752,54
722,2016-12-31 08:46:17,672,12
723,2017-07-27 02:12:34,371,78
724,2017-04-26 19:28:39,155,84
725,2016-11-25 18:08:55,74,32
726,2017-02-13 17:33:17,262,62
727,2017-02-23 19:28:46,262,83
728,2017-06-13 09:28:44,684,39
729,2017-01-18 08:56:06,966,2
730,2017-01-02 09:21:23,501,8
731,2017-02-06 16:21:57,554,80
732,2017-01-29 14:34:17,631,21
733,2017-02-27 05:32:55,749,33
734,2016-12-12 18:52:54,330,12
735,2017-07-29 05:27:26,93,45
736,2017-05-22 13:07:57,483,85
737,2017-05-01 07:00:33,977,16
738,2017-04-25 09:16:20,956,35
739,2017-01-17 17:58:21,927,12
740,2017-01-24 13:36:07,180,100
741,2017-07-02 09:47:12,426,45
742,2016-10-09 14:43:32,613,69
743,2017-03-11 21:23:33,266,30
744,2017-04-11 20:35:36,69,24
745,2016-10-09 21:03:49,307,57
746,2017-07-27 01:42:43,302,87
747,2017-04-21 07:12:47,362,94
748,2017-03-02 21:18:09,65,11
749,2017-08-23 04:23:45,261,40
750,2016-11-22 13:02:54,223,36
751,2017-06-29 01:22:49,839,71
752,2016-12-30 07:34:30,197,82
753,2017-08-19 06:08:12,860,16
754,2016-11-20 19:37:19,163,79
755,2016-09-15 04:30:03,262,35
756,2017-02-21 02:47:10,787,69
757,2017-04-02 10:17:50,783,40
758,2016-10-26 14:41:24,374,5
759,2016-11-01 00:24:05,694,45
760,2017-06-08 19:36:08,279,1
761,2017-04-26 20:45:37,12,59
762,2016-12-21 08:17:25,861,38
763,2017-03-12 08:45:26,513,93
764,2017-05-20 11:22:27,483,78
765,2016-12-07 20:21:53,320,71
766,2017-06-17 02:53:00,127,16
767,2017-08-15 21:09:57,411,33
768,2016-12-05 05:47:31,974,27
769,2016-12-11 23:38:06,474,14
770,2017-04-20 03:33:46,57,74
771,2017-05-11 08:32:55,479,85
772,2016-12-06 16:35:45,423,27
773,2017-03-15 14:05:30,241,80
774,2016-12-24 12:07:55,310,94
775,2017-09-03 06:29:14,239,59
776,2017-03-27 19:22:35,935,25
777,2017-03-03 21:25:08,169,80
778,2017-01-02 01:41:16,622,69
779,2016-10-10 03:10:47,720,11
780,2017-02-06 09:49:25,456,4
781,2017-08-27 18:36:08,810,59
782,2016-12-14 06:08:11,198,22
783,2017-04-02 15:46:15,904,18
784,2017-04-03 10:07:43,490,38
785,2017-08-23 09:51:36,309,55
786,2017-02-18 20:35:39,113,79
787,2016-10-12 17:10:03,388,54
788,2017-01-04 10:58:35,48,63
789,2017-01-17 22:59:56,331,36
790,2016-12-16 06:17:26,564,57
791,2017-03-18 02:44:28,945,50
792,2017-05-23 03:39:29,819,12
793,2016-09-12 21:16:48,293,45
794,2017-03-05 15:21:01,796,2
795,2017-05-23 16:34:23,545,26
796,2016-12-29 02:46:15,52,36
797,2017-03-05 09:09:59,832,25
798,2017-03-09 01:53:20,573,74
799,2017-02-02 02:34:27,420,7
800,2016-10-19 08:20:05,112,73
801,2017-06-10 13:07:38,608,23
802,2017-01-18 18:23:44,515,100
803,2016-11-23 23:39:06,759,57
804,2017-01-30 03:31:38,624,9
805,2017-04-15 03:39:21,919,19
806,2017-06-29 08:35:33,659,87
807,2016-10-02 14:50:22,685,48
808,2017-08-20 08:12:09,977,98
809,2017-01-28 00:22:32,917,78
810,2017-07-27 11:49:18,989,47
811,2016-11-21 22:57:32,22,5
812,2017-04-16 21:34:16,815,86
813,2017-03-14 16:08:13,289,39
814,2017-03-20 17:05:32,588,71
815,2017-02-12 23:28:12,450,70
816,2017-08-29 11:31:21,437,6
817,2017-04-30 12:02:41,924,96
818,2016-11-09 11:11:39,53,69
819,2017-09-07 09:53:55,513,68
820,2017-04-15 08:43:20,771,44
821,2017-05-19 13:42:10,863,43
822,2016-09-20 04:43:02,295,55
823,2016-11-24 07:22:17,906,28
824,2017-04-27 04:03:10,525,83
825,2017-05-07 11:35:45,43,52
826,2017-06-10 18:30:48,283,7
827,2016-10-25 11:18:46,554,10
828,2016-09-13 01:03:17,918,85
829,2017-04-27 17:35:09,486,51
830,2017-05-25 03:50:11,551,94
831,2017-03-03 08:35:25,206,99
832,2017-07-25 13:08:29,992,13
833,2017-01-08 13:54:49,938,5
834,2016-12-10 17:28:06,811,46
835,2017-07-01 03:24:44,720,59
836,2016-12-28 05:32:12,883,59
837,2017-07-04 13:04:56,11,18
838,2017-03-05 00:28:11,131,92
839,2017-01-30 16:35:09,448,66
840,2016-12-15 20:37:45,739,50
841,2017-02-14 17:13:49,168,3
842,2017-02-05 01:57:38,556,73
843,2017-06-08 23:34:06,119,48
844,2017-04-23 04:29:49,563,61
845,2016-10-24 09:42:31,980,12
846,2017-05-06 01:03:07,539,19
847,2017-04-10 04:25:53,100,54
848,2017-06-18 01:18:14,314,4
849,2017-03-03 21:14:02,574,13
850,2017-08-03 23:27:32,488,30
851,2016-09-17 00:45:24,707,37
852,2017-07-13 17:51:52,877,72
853,2017-02-04 18:01:54,547,1
854,2016-09-14 15:40:40,634,100
855,2017-02-21 19:08:27,661,38
856,2016-11-13 19:23:07,486,83
857,2017-01-06 19:30:23,393,5
858,2017-05-22 22:41:07,549,52
859,2017-01-27 15:47:33,514,12
860,2017-03-26 20:49:04,115,50
861,2017-08-08 13:25:53,224,66
862,2017-05-05 18:59:26,678,33
863,2017-07-02 11:03:40,183,100
864,2017-07-11 19:56:47,361,76
865,2017-02-13 21:34:05,116,85
866,2017-02-08 17:25:48,51,83
867,2017-04-24 04:31:09,219,93
868,2017-04-09 07:37:59,539,77
869,2017-08-31 11:07:55,934,18
870,2017-02-24 16:08:20,760,60
871,2016-11-29 14:28:22,544,25
872,2017-01-23 11:28:36,423,94
873,2017-02-06 05:09:21,286,98
874,2017-06-12 11:04:20,447,80
875,2016-10-13 17:07:31,84,57
876,2017-03-25 10:04:07,293,31
877,2017-03-15 18:59:45,213,98
878,2017-01-12 13:05:15,631,40
879,2016-10-10 11:32:36,962,100
880,2016-09-26 11:58:46,152,8
881,2017-04-09 04:34:29,839,21
882,2017-09-07 06:30:15,899,6
883,2017-01-10 10:35:14,129,44
884,2016-11-03 12:44:33,823,7
885,2016-12-05 14:44:54,610,59
886,2017-03-25 12:09:45,657,16
887,2017-04-25 01:12:51,827,8
888,2017-07-28 22:11:25,89,12
889,2017-08-19 10:46:55,52,54
890,2017-02-17 18:35:54,912,14
891,2017-01-10 19:56:48,96,21
892,2017-03-13 21:25:47,442,31
893,2017-01-02 14:00:42,175,8
894,2016-09-27 12:07:58,703,14
895,2017-04-13 09:36:49,63,86
896,2017-01-03 20:58:45,213,91
897,2016-09-25 22:25:38,56,12
898,2017-09-01 22:44:00,959,19
899,2017-02-26 08:00:08,550,79
900,2017-04-16 06:19:34,246,16
901,2017-08-09 03:02:58,363,91
902,2017-03-14 21:20:16,313,19
903,2016-12-15 05:47:37,982,41
904,2017-08-17 16:18:07,302,4
905,2017-01-08 20:25:40,936,22
906,2017-02-02 08:33:23,167,4
907,2017-07-21 13:24:22,418,61
908,2017-01-04 17:15:55,339,60
909,2017-04-22 06:01:54,680,5
910,2017-03-18 07:34:43,728,75
911,2017-08-06 05:34:37,895,95
912,2017-05-08 18:14:34,643,96
913,2017-08-17 23:31:51,52,61
914,2017-05-27 21:20:34,134,61
915,2017-01-07 20:09:19,382,38
916,2017-05-29 19:36:08,760,75
917,2017-06-20 17:26:49,281,8
918,2017-04-16 06:32:11,933,27
919,2017-06-02 01:00:39,473,24
920,2017-05-31 17:29:33,295,41
921,2017-06-22 08:28:43,448,47
922,2017-09-08 11:16:35,440,87
923,2017-05-25 10:59:44,69,78
924,2017-03-20 20:56:15,457,75
925,2017-01-25 11:33:44,820,19
926,2017-02-11 16:57:51,490,72
927,2017-04-11 08:06:50,126,14
928,2017-06-24 11:49:48,665,18
929,2016-10-30 12:09:39,732,80
930,2017-07-02 01:53:45,779,12
931,2017-01-22 10:45:45,178,54
932,2016-11-23 06:19:47,857,46
933,2016-12-21 06:50:48,610,79
934,2017-07-16 14:02:00,720,9
935,2016-10-09 12:10:19,23,2
936,2017-04-29 11:20:26,491,47
937,2016-09-13 00:52:21,476,94
938,2016-10-05 07:32:48,335,55
939,2016-10-27 18:28:44,709,80
940,2017-06-24 23:52:42,292,53
941,2017-08-11 10:20:17,977,79
942,2017-02-24 06:30:43,243,11
943,2016-10-22 00:25:16,913,91
944,2017-04-27 03:28:32,279,65
945,2017-06-26 02:23:06,705,6
946,2016-12-22 08:23:23,758,89
947,2017-08-08 17:51:38,595,62
948,2016-10-25 15:41:53,340,21
949,2017-03-04 10:25:49,403,6
950,2016-12-21 22:07:37,287,43
951,2016-11-07 16:28:22,74,78
952,2017-04-05 02:35:53,895,55
953,2016-10-11 07:20:34,708,23
954,2016-10-05 13:32:24,94,42
955,2017-05-05 05:32:22,21,39
956,2017-05-15 07:07:55,945,100
957,2017-06-02 15:52:19,166,19
958,2016-10-02 22:28:58,99,8
959,2017-03-05 15:00:56,93,38
960,2017-08-29 13:23:47,723,80
961,2016-10-12 06:28:37,433,48
962,2017-07-06 22:02:54,679,3
963,2017-03-05 19:25:09,93,2
964,2017-07-03 23:59:25,232,50
965,2016-10-22 14:15:42,78,52
966,2017-01-04 17:53:16,921,16
967,2017-01-24 09:30:19,296,82
968,2017-04-27 05:46:06,701,1
969,2017-06-24 01:58:36,45,80
970,2016-09-12 22:22:32,420,7
971,2017-08-17 22:48:17,180,37
972,2017-04-26 09:10:11,62,35
973,2017-03-11 18:41:49,550,16
974,2017-01-04 09:35:23,424,65
975,2017-03-03 13:09:04,537,15
976,2017-05-06 12:48:52,440,97
977,2017-09-09 08:19:11,625,12
978,2017-01-15 16:46:34,997,72
979,2017-09-11 18:19:54,137,23
980,2017-07-11 01:26:37,213,22
981,2017-04-14 14:32:01,746,14
982,2016-10-16 08:32:52,366,5
983,2017-03-27 15:15:04,948,7
984,2017-01-18 19:44:44,43,100
985,2016-11-02 16:55:29,861,47
986,2017-02-25 09:17:57,57,4
987,2017-03-05 15:04:54,826,12
988,2017-06-27 15:46:52,385,38
989,2016-09-28 09:55:32,279,81
990,2017-02-15 20:40:24,17,82
991,2017-04-29 22:47:36,954,46
992,2017-04-18 16:18:58,784,58
993,2017-04-27 03:21:23,575,78
994,2017-07-02 12:09:52,297,72
995,2017-08-14 10:28:01,7,51
996,2017-08-23 17:19:48,925,76
997,2017-03-20 13:06:30,642,30
998,2017-01-25 19:46:19,793,59
999,2017-04-03 16:50:02,357,84
1000,2017-06-03 04:23:35,582,22
1001,2017-07-01 21:03:06,298,64
1002,2017-06-16 00:20:36,258,13
1003,2016-09-22 01:07:24,757,65
1004,2017-08-12 20:47:36,498,4
1005,2016-12-07 03:12:36,451,52
1006,2017-04-04 04:52:45,850,41
1007,2016-10-05 14:08:46,971,64
1008,2017-03-15 08:58:44,983,55
1009,2017-03-20 09:44:48,413,28
1010,2017-08-26 05:18:02,255,42
1011,2016-09-29 02:44:15,788,18
1012,2017-02-25 11:37:14,172,43
1013,2016-09-29 13:45:50,470,97
1014,2016-10-23 22:37:18,19,83
1015,2017-05-07 04:47:18,799,60
1016,2017-08-29 13:21:07,44,10
1017,2017-06-22 01:05:47,239,31
1018,2017-07-22 17:59:37,218,100
1019,2016-11-06 20:32:44,944,72
1020,2017-02-21 08:53:14,30,40
1021,2016-11-16 23:27:10,229,88
1022,2017-01-07 05:16:06,798,20
1023,2017-09-06 20:30:55,512,78
1024,2017-03-05 13:17:13,744,93
1025,2016-10-29 15:24:44,58,100
1026,2017-06-03 05:04:49,343,85
1027,2016-10-15 15:11:33,178,52
1028,2017-01-15 02:17:30,274,65
1029,2017-06-09 17:53:01,477,30
1030,2017-02-24 06:36:20,474,28
1031,2017-08-17 12:42:01,892,52
1032,2017-01-08 00:49:46,371,13
1033,2017-02-14 02:13:36,820,59
1034,2017-03-09 15:04:58,125,77
1035,2017-03-22 03:32:46,303,16
1036,2017-03-23 20:10:16,156,54
1037,2016-10-16 01:43:02,34,96
1038,2016-12-05 21:07:18,731,55
1039,2017-05-13 23:34:15,732,48
1040,2017-07-12 20:45:39,469,79
1041,2017-03-09 00:24:50,473,82
1042,2016-12-16 17:25:31,634,66
1043,2017-06-19 02:30:41,326,91
1044,2017-03-17 01:11:21,298,81
1045,2017-04-01 22:52:27,200,78
1046,2017-01-10 06:12:44,78,10
1047,2017-07-29 05:22:06,290,45
1048,2017-05-28 11:02:55,221,11
1049,2016-09-21 17:59:20,36,35
1050,2017-06-22 16:38:40,871,34
1051,2017-04-24 13:21:25,499,3
1052,2017-03-26 05:13:03,869,54
1053,2017-06-10 13:23:26,980,60
1054,2016-12-19 20:05:58,78,72
1055,2016-09-14 11:13:24,73,55
1056,2016-09-12 14:44:20,501,55
1057,2017-06-28 22:01:03,358,14
1058,2017-01-09 19:57:00,196,69
1059,2017-01-16 05:12:29,42,50
1060,2017-08-06 19:18:05,485,25
1061,2017-07-10 06:09:41,265,57
1062,2016-10-27 13:03:55,332,56
1063,2016-11-21 01:08:29,10,56
1064,2017-04-25 16:56:19,663,5
1065,2017-09-02 01:52:15,897,54
1066,2016-12-21 09:43:08,383,40
1067,2017-06-22 18:54:59,560,26
1068,2017-03-13 07:27:25,928,54
1069,2017-06-16 04:15:31,851,1
1070,2017-06-30 07:43:47,251,93
1071,2017-03-25 00:12:17,551,76
1072,2017-01-13 22:22:57,469,91
1073,2017-05-08 17:42:44,886,67
1074,2016-12-31 09:04:20,590,93
1075,2017-04-27 01:06:05,157,8
1076,2017-03-22 00:39:40,169,43
1077,2017-05-01 08:21:42,637,50
1078,2017-08-02 16:03:44,976,65
1079,2017-02-02 17:40:32,52,64
1080,2016-09-21 13:11:57,691,95
1081,2017-08-08 09:37:26,172,8
1082,2016-10-15 02:30:29,343,74
1083,2017-09-09 20:49:09,325,27
1084,2016-10-23 21:57:34,271,18
1085,2017-05-31 20:06:49,274,53
1086,2017-01-05 12:00:24,98,83
1087,2017-08-10 19:20:57,273,57
1088,2016-10-14 06:10:17,732,16
1089,2017-06-19 07:17:37,230,33
1090,2016-11-25 15:20:25,86,39
1091,2017-07-16 21:34:29,396,26
1092,2017-02-26 00:19:09,808,4
1093,2017-03-04 18:04:46,754,79
1094,2016-11-25 23:30:57,679,81
1095,2017-08-18 02:37:05,421,37
1096,2017-06-04 12:56:52,752,60
1097,2016-10-07 11:52:27,442,10
1098,2016-11-15 00:02:43,324,77
1099,2016-09-19 16:02:45,363,60
1100,2017-03-16 11:48:11,941,64
1101,2016-11-02 01:25:57,115,4
1102,2016-10-27 01:50:15,461,39
1103,2017-01-02 11:34:13,605,20
1104,2017-08-25 17:15:45,545,84
1105,2017-03-11 14:18:30,513,63
1106,2017-03-24 00:10:13,221,91
1107,2017-02-02 11:36:00,884,3
1108,2017-02-02 23:03:04,942,64
1109,2017-08-18 20:04:04,812,62
1110,2017-06-23 20:35:09,442,24
1111,2017-02-14 13:14:41,988,20
1112,2016-09-27 06:27:35,824,43
1113,2017-02-25 15:42:35,287,15
1114,2017-07-25 19:12:25,196,65
1115,2016-09-22 15:48:18,740,14
1116,2017-08-25 05:44:53,286,86
1117,2017-07-11 17:40:57,175,75
1118,2017-08-24 18:11:13,242,78
1119,2017-02-10 11:39:22,938,79
1120,2017-04-05 14:42:47,614,45
1121,2017-01-22 05:49:09,416,84
1122,2017-04-07 07:48:52,359,30
1123,2017-05-30 04:06:03,864,30
1124,2016-10-14 05:50:58,937,68
1125,2016-11-20 12:11:56,919,38
1126,2017-07-16 16:32:06,906,91
1127,2017-03-25 14:23:55,571,73
1128,2017-05-03 11:52:02,337,86
1129,2017-04-21 13:14:51,876,54
1130,2016-12-19 17:01:01,506,62
1131,2016-11-25 10:44:43,669,80
1132,2016-10-05 05:28:20,471,85
1133,2017-01-19 20:05:26,537,72
1134,2017-03-14 09:09:30,623,48
1135,2017-09-01 13:03:13,498,24
1136,2017-05-30 19:58:57,924,92
1137,2017-05-16 16:59:53,72,29
1138,2016-12-19 07:16:03,213,94
1139,2017-07-31 19:23:18,582,15
1140,2017-02-20 13:47:12,609,51
1141,2017-06-26 06:50:35,527,52
1142,2016-12-04 23:21:38,408,10
1143,2017-02-13 03:47:49,245,75
1144,2017-01-19 23:21:17,954,12
1145,2017-04-13 17:34:27,276,46
1146,2017-01-22 03:18:45,736,95
1147,2017-08-11 11:19:36,251,21
1148,2017-09-06 14:52:13,787,79
1149,2017-03-06 03:26:04,917,41
1150,2017-01-05 17:45:40,262,42
1151,2017-01-10 01:10:43,645,19
1152,2017-08-19 10:00:55,328,72
1153,2016-12-21 12:47:41,467,55
1154,2017-03-04 17:22:29,651,5
1155,2017-07-19 05:05:40,690,26
1156,2017-05-26 21:57:28,549,22
1157,2017-06-30 21:44:59,775,96
1158,2017-08-08 08:01:59,314,2
1159,2016-12-11 01:54:29,700,27
1160,2017-08-28 22:36:48,139,98
1161,2017-05-27 01:50:21,727,88
1162,2017-06-25 22:07:09,919,98
1163,2017-03-03 06:35:52,79,71
1164,2017-01-04 22:33:18,765,100
1165,2017-08-23 21:57:41,114,3
1166,2017-05-10 05:54:22,409,76
1167,2017-02-03 13:05:22,211,74
1168,2016-11-21 11:18:43,475,68
1169,2016-11-03 13:15:43,277,13
1170,2016-11-16 05:42:55,726,97
1171,2017-03-12 00:46:11,385,28
1172,2017-06-27 17:08:19,183,16
1173,2017-04-10 21:05:07,230,50
1174,2017-06-11 11:02:11,178,93
1175,2017-07-09 23:11:59,763,32
1176,2016-09-21 18:16:43,904,49
1177,2017-02-13 01:29:28,189,83
1178,2017-04-04 07:22:43,467,27
1179,2017-02-19 07:16:58,528,24
1180,2016-09-25 04:10:16,263,65
1181,2017-07-26 17:01:36,258,68
1182,2017-05-15 22:07:48,400,47
1183,2017-04-16 11:29:59,408,88
1184,2016-10-26 20:02:58,145,69
1185,2016-09-17 17:40:05,1000,87
1186,2017-07-21 07:13:51,650,39
1187,2016-10-15 12:56:19,144,84
1188,2017-06-11 09:09:36,545,38
1189,2017-09-04 11:51:09,327,73
1190,2016-11-22 20:32:03,303,9
1191,2017-01-11 16:59:53,38,21
1192,2017-04-03 13:25:09,580,23
1193,2017-02-04 06:21:56,29,5
1194,2016-09-27 21:46:00,494,56
1195,2017-07-31 07:19:51,278,76
1196,2017-06-05 10:24:27,198,54
1197,2017-06-15 11:35:30,427,60
1198,2016-11-18 04:43:29,4,84
1199,2017-07-24 19:02:38,472,15
1200,2017-06-21 12:37:38,518,48
1201,2017-01-31 17:16:41,18,17
1202,2017-03-13 23:37:42,857,17
1203,2017-01-22 15:25:20,999,41
1204,2017-01-26 10:07:53,535,33
1205,2017-09-11 02:31:58,123,84
1206,2016-11-10 08:06:56,415,16
1207,2017-02-17 09:12:00,43,100
1208,2017-06-24 02:17:16,387,8
1209,2017-04-02 04:43:30,41,89
1210,2017-03-29 10:06:29,628,32
1211,2017-07-13 20:16:28,637,83
1212,2017-04-08 01:01:19,854,7
1213,2017-01-12 03:48:19,422,86
1214,2017-05-08 05:49:52,897,90
1215,2017-01-07 20:24:22,5,42
1216,2016-12-11 20:40:48,365,3
1217,2017-08-02 07:06:25,581,23
1218,2017-05-22 23:10:37,183,58
1219,2017-01-04 06:30:24,622,72
1220,2017-05-02 05:25:15,904,75
1221,2017-05-11 12:51:49,555,32
1222,2016-09-17 06:35:11,905,60
1223,2017-02-04 05:40:44,313,30
1224,2017-06-18 23:26:42,668,36
1225,2016-11-04 22:47:53,171,30
1226,2017-08-24 22:12:37,671,81
1227,2017-06-11 17:49:39,120,53
1228,2016-11-24 19:49:05,871,55
1229,2016-10-17 18:16:16,380,77
1230,2017-05-09 23:33:09,435,39
1231,2017-08-15 17:29:21,182,80
1232,2016-09-30 01:30:50,406,77
1233,2017-03-10 18:19:13,21,59
1234,2017-01-25 02:30:06,341,65
1235,2017-08-19 06:31:39,306,25
1236,2017-09-11 19:00:17,387,86
1237,2017-05-18 10:47:42,564,30
1238,2017-01-26 18:59:15,457,88
1239,2017-07-10 00:29:00,581,13
1240,2016-10-09 16:01:05,229,76
1241,2016-12-01 18:08:07,420,90
1242,2017-03-02 09:20:31,560,54
1243,2017-02-13 07:42:43,423,43
1244,2017-01-22 03:33:44,81,81
1245,2017-08-23 00:11:15,197,52
1246,2017-01-02 14:40:16,187,38
1247,2016-10-19 00:42:50,314,60
1248,2017-06-15 10:46:48,140,34
1249,2017-08-18 09:17:46,180,48
1250,2017-03-18 14:56:00,976,49
1251,2016-11-04 06:12:08,725,37
1252,2017-09-11 23:50:18,346,29
1253,2017-02-09 01:52:10,653,81
1254,2017-07-03 15:16:20,164,24
1255,2017-08-09 08:29:31,927,40
1256,2017-02-28 15:58:20,986,35
1257,2017-08-26 08:09:25,291,55
1258,2017-03-14 21:20:29,886,72
1259,2016-12-01 04:10:14,974,97
1260,2016-10-27 09:01:30,516,17
1261,2016-11-16 03:56:30,480,71
1262,2016-11-07 18:24:13,547,80
1263,2017-02-20 01:48:43,294,69
1264,2016-09-26 09:32:58,127,48
1265,2017-08-28 00:38:12,166,11
1266,2016-11-08 07:22:36,959,90
1267,2016-11-19 09:30:08,464,31
1268,2017-03-18 16:23:03,179,12
1269,2017-06-19 13:20:37,107,35
1270,2017-06-23 09:36:12,350,4
1271,2016-12-07 07:47:58,734,34
1272,2017-04-20 14:36:20,380,3
1273,2017-08-14 17:09:46,879,27
1274,2017-05-02 20:30:05,738,86
1275,2016-09-27 10:04:51,230,26
1276,2016-11-22 10:03:37,22,71
1277,2017-04-25 10:46:38,956,57
1278,2017-05-02 16:49:19,503,25
1279,2016-11-10 15:38:26,255,63
1280,2016-11-23 13:34:32,722,43
1281,2017-02-21 05:49:25,731,69
1282,2017-03-25 08:14:19,311,20
1283,2017-01-30 15:20:41,986,49
1284,2017-04-09 22:14:00,311,10
1285,2016-11-19 20:22:10,831,66
1286,2017-09-12 05:56:44,126,57
1287,2017-05-05 16:35:33,995,51
1288,2017-08-21 04:04:34,590,88
1289,2017-06-15 04:26:34,769,33
1290,2017-03-02 11:50:44,725,100
1291,2017-03-09 03:31:59,581,75
1292,2016-09-20 07:55:03,708,54
1293,2016-11-26 23:30:43,315,21
1294,2016-09-24 21:18:35,786,57
1295,2017-07-09 21:54:50,839,51
1296,2017-01-28 13:16:32,989,57
1297,2016-11-25 21:01:19,188,30
1298,2016-11-09 04:36:44,765,18
1299,2017-04-17 13:08:04,790,8
1300,2017-08-28 04:43:44,266,63
1301,2017-08-14 13:54:01,735,40
1302,2017-01-14 02:17:26,185,73
1303,2017-08-15 00:01:36,896,78
1304,2017-05-07 17:52:53,602,67
1305,2016-10-28 10:09:09,102,33
1306,2017-03-09 12:23:28,663,69
1307,2017-07-04 14:23:19,72,38
1308,2017-06-19 15:31:30,219,39
1309,2017-07-18 12:49:44,581,1
1310,2017-09-12 04:03:42,955,42
1311,2016-09-22 22:21:16,511,95
1312,2017-02-26 23:04:27,989,70
1313,2017-06-30 09:21:55,244,76
1314,2017-03-01 14:45:01,872,4
1315,2017-04-04 19:39:08,828,14
1316,2016-10-29 00:39:28,653,57
1317,2017-07-14 23:02:59,529,84
1318,2016-10-18 16:58:51,292,43
1319,2017-01-12 19:07:59,611,90
1320,2017-06-29 15:03:03,88,72
1321,2017-08-24 20:39:27,219,76
1322,2017-07-16 09:58:40,395,30
1323,2016-12-31 10:42:34,121,62
1324,2017-05-02 21:31:15,677,71
1325,2017-07-14 22:48:44,617,64
1326,2017-01-28 03:45:13,120,13
1327,2017-04-04 00:17:48,574,11
1328,2016-12-23 03:30:14,826,82
1329,2017-06-06 06:55:59,861,70
1330,2017-08-24 11:25:58,850,69
1331,2016-11-04 17:13:22,836,51
1332,2017-06-04 09:26:04,250,37
1333,2016-12-16 04:02:56,339,55
1334,2016-11-11 05:12:33,788,95
1335,2016-12-18 05:06:23,435,88
1336,2016-11-01 14:16:07,662,66
1337,2017-03-05 08:29:33,626,6
1338,2017-04-30 07:49:41,944,75
1339,2017-06-26 20:27:32,669,63
1340,2017-06-15 01:06:42,448,29
1341,2017-06-22 02:14:02,251,57
1342,2017-02-26 17:45:05,413,83
1343,2017-02-10 08:19:51,676,24
1344,2017-03-16 18:32:17,642,54
1345,2017-02-17 07:50:28,936,50
1346,2017-07-30 21:01:37,224,78
1347,2017-05-03 15:31:31,993,48
1348,2017-07-31 20:12:20,135,34
1349,2016-12-26 20:36:19,15,93
1350,2017-03-20 11:18:35,281,45
1351,2017-01-30 11:37:08,797,95
1352,2016-09-17 09:55:23,102,43
1353,2017-08-09 09:13:52,998,5
1354,2017-04-26 13:13:30,169,67
1355,2017-01-09 12:42:57,666,62
1356,2017-08-15 15:23:10,951,92
1357,2017-09-06 05:58:19,184,37
1358,2017-02-21 02:03:28,741,86
1359,2017-06-07 05:45:30,602,39
1360,2017-06-27 19:54:02,396,54
1361,2017-05-02 17:21:26,874,62
1362,2017-04-25 01:42:59,309,87
1363,2016-10-11 22:01:33,93,45
1364,2016-11-30 17:25:33,198,11
1365,2017-08-09 06:05:00,364,48
1366,2017-08-19 19:32:36,556,17
1367,2017-01-06 12:04:28,419,66
1368,2017-07-08 08:05:45,582,42
1369,2017-05-03 15:07:29,704,76
1370,2017-01-03 15:10:34,83,37
1371,2016-10-24 13:33:15,366,4
1372,2017-01-16 02:37:18,285,55
1373,2017-07-03 14:49:20,397,3
1374,2017-03-02 15:01:37,409,100
1375,2017-05-31 11:56:21,408,81
1376,2017-05-18 14:20:35,536,29
1377,2016-11-30 06:54:39,423,85
1378,2017-08-11 15:39:58,148,52
1379,2017-01-31 14:45:53,286,35
1380,2017-08-06 07:28:36,623,65
1381,2016-10-10 06:18:05,823,18
1382,2017-06-08 20:47:21,811,25
1383,2017-02-23 18:18:58,837,40
1384,2016-11-20 11:43:59,658,54
1385,2017-03-11 03:42:48,143,74
1386,2017-03-30 14:51:05,909,51
1387,2017-03-07 22:16:56,773,20
1388,2017-03-20 09:34:51,58,17
1389,2016-12-02 02:26:00,218,47
1390,2016-12-06 17:25:38,167,63
1391,2017-03-09 15:52:41,271,71
1392,2016-09-17 17:52:57,908,70
1393,2017-09-03 21:36:49,546,6
1394,2016-10-26 16:08:34,209,84
1395,2016-10-22 04:01:51,401,84
1396,2017-03-22 17:33:49,481,23
1397,2017-02-12 12:34:44,11,30
1398,2017-06-10 05:59:18,465,85
1399,2017-05-02 22:16:30,684,13
1400,2017-03-04 06:19:23,387,83
1401,2016-12-24 00:26:03,862,30
1402,2017-02-12 07:30:36,334,64
1403,2017-05-25 01:38:26,488,40
1404,2016-12-01 07:53:20,803,71
1405,2017-03-20 17:02:43,858,97
1406,2016-11-22 03:10:57,331,13
1407,2017-03-17 20:51:16,672,24
1408,2017-01-10 18:27:07,821,22
1409,2016-12-14 03:34:47,294,3
1410,2017-01-19 10:33:45,48,70
1411,2017-03-02 01:30:37,862,53
1412,2017-03-12 04:43:59,917,88
1413,2017-01-09 16:07:05,820,39
1414,2017-01-14 02:24:39,719,51
1415,2017-01-25 05:58:17,503,11
1416,2017-02-19 20:51:18,329,37
1417,2017-02-11 03:18:12,400,67
1418,2017-09-03 11:10:32,998,89
1419,2016-11-22 20:41:13,54,81
1420,2017-08-02 18:31:32,592,92
1421,2017-05-13 18:42:21,771,93
1422,2017-02-16 20:09:26,39,45
1423,2016-10-06 03:44:33,161,86
1424,2017-05-12 04:01:42,659,46
1425,2017-03-19 00:59:45,889,71
1426,2017-07-11 14:35:10,149,75
1427,2017-07-19 10:01:37,235,7
1428,2017-02-06 14:13:19,622,6
1429,2016-12-04 19:13:48,447,34
1430,2017-08-20 00:22:28,558,95
1431,2017-02-24 09:24:26,445,89
1432,2016-10-17 07:32:00,313,85
1433,2017-06-15 00:29:17,548,32
1434,2017-09-11 06:12:55,730,61
1435,2017-08-19 20:52:08,112,33
1436,2017-01-04 17:09:19,511,89
1437,2017-08-01 02:54:01,244,55
1438,2016-10-29 18:33:48,324,41
1439,2017-05-04 10:15:42,408,99
1440,2017-04-28 15:22:28,859,30
1441,2016-11-09 09:10:49,688,1
1442,2017-09-04 10:30:40,46,93
1443,2017-07-28 22:09:44,73,67
1444,2016-11-01 06:25:04,977,52
1445,2017-02-23 04:19:12,7,54
1446,2017-08-02 08:31:52,468,46
1447,2017-05-03 07:26:43,420,78
1448,2016-11-30 15:36:35,294,97
1449,2016-12-11 07:54:46,91,3
1450,2016-10-03 05:37:32,567,21
1451,2017-06-03 02:52:56,345,8
1452,2017-07-26 22:21:14,84,59
1453,2017-07-26 14:45:53,627,41
1454,2017-06-25 20:18:32,993,4
1455,2017-02-10 18:01:57,389,86
1456,2016-09-28 19:46:52,331,8
1457,2016-12-04 18:52:45,859,38
1458,2017-05-06 20:36:35,999,94
1459,2017-04-30 10:20:49,44,98
1460,2017-01-13 02:35:53,449,5
1461,2017-06-15 17:05:47,509,92
1462,2017-06-02 01:18:55,500,93
1463,2016-09-18 21:44:37,696,80
1464,2017-03-17 19:26:37,895,79
1465,2017-07-18 04:37:40,817,47
1466,2017-04-05 01:19:26,988,17
1467,2017-07-02 22:57:00,539,8
1468,2017-08-04 17:52:36,750,17
1469,2017-05-12 14:59:35,479,75
1470,2017-04-04 05:30:09,199,87
1471,2016-10-22 18:34:48,593,53
1472,2017-07-09 08:22:40,944,46
1473,2017-06-07 09:35:32,906,95
1474,2016-10-18 00:47:05,382,95
1475,2017-09-05 11:06:57,917,83
1476,2017-03-03 08:04:00,999,43
1477,2017-05-12 09:05:24,746,50
1478,2016-11-02 19:57:34,354,45
1479,2017-09-08 17:40:49,291,25
1480,2017-02-25 14:08:49,227,11
1481,2017-07-05 07:27:00,710,22
1482,2017-03-05 00:37:52,269,25
1483,2017-06-25 04:53:28,286,2
1484,2017-02-16 16:31:48,413,77
1485,2017-06-16 22:45:57,761,62
1486,2017-02-28 10:26:30,631,36
1487,2017-02-28 05:47:11,142,58
1488,2016-11-20 03:51:32,805,5
1489,2017-07-06 13:19:31,516,19
1490,2017-04-12 09:01:15,996,44
1491,2016-09-24 12:52:05,15,100
1492,2016-10-08 21:40:30,858,76
1493,2016-12-31 17:18:22,492,22
1494,2017-06-19 00:16:19,201,79
1495,2017-06-07 01:58:53,461,43
1496,2016-09-12 22:11:15,890,17
1497,2017-08-04 22:11:37,641,16
1498,2017-02-23 10:53:38,418,93
1499,2017-01-05 11:15:11,178,84
1500,2017-07-23 04:02:32,689,94
1501,2016-11-26 02:34:36,443,32
1502,2017-07-03 12:25:04,291,59
1503,2016-11-23 11:27:12,893,10
1504,2016-12-13 23:07:04,630,41
1505,2017-05-04 08:23:45,281,63
1506,2017-07-23 16:18:45,840,30
1507,2017-08-05 15:45:11,619,70
1508,2017-04-28 15:20:04,56,11
1509,2017-01-11 10:45:53,910,26
1510,2016-11-12 12:18:08,892,37
1511,2017-02-21 14:24:27,682,79
1512,2016-10-19 02:45:02,540,33
1513,2016-11-17 09:41:49,941,96
1514,2017-02-16 02:44:47,248,12
1515,2016-11-21 01:01:31,788,94
1516,2016-12-24 06:22:29,55,23
1517,2017-06-26 13:05:29,256,35
1518,2017-04-24 22:48:35,813,15
1519,2017-06-15 17:07:22,441,45
1520,2016-10-14 05:49:43,556,73
1521,2017-01-15 10:32:50,68,40
1522,2017-01-29 09:48:51,17,69
1523,2017-03-24 01:11:00,94,8
1524,2017-04-06 01:11:46,797,1
1525,2016-12-26 08:27:33,328,69
1526,2017-06-01 12:08:23,373,1
1527,2017-02-15 09:08:21,470,92
1528,2017-04-03 16:27:18,332,41
1529,2017-01-16 13:06:55,870,58
1530,2017-04-13 00:35:20,528,66
1531,2017-09-09 19:48:04,516,59
1532,2017-02-15 21:42:50,886,78
1533,2016-11-09 01:18:12,928,70
1534,2016-10-21 06:39:38,920,37
1535,2017-04-06 13:56:44,141,48
1536,2017-05-15 03:19:13,90,21
1537,2017-01-24 19:20:38,870,11
1538,2016-11-29 08:23:46,895,97
1539,2016-12-22 19:52:07,179,70
1540,2016-10-06 22:58:53,966,51
1541,2017-06-20 05:33:02,379,34
1542,2017-02-13 05:32:24,516,85
1543,2017-08-16 01:14:46,251,85
1544,2016-09-26 16:13:09,259,12
1545,2017-05-27 16:44:16,427,79
1546,2017-02-23 21:17:49,777,95
1547,2017-04-19 15:32:34,368,67
1548,2017-07-24 08:29:25,714,30
1549,2017-07-03 23:02:40,361,64
1550,2017-06-21 00:04:51,664,51
1551,2017-05-30 15:49:04,107,76
1552,2017-03-29 22:29:04,710,98
1553,2017-05-01 16:44:17,859,61
1554,2017-06-30 04:51:55,940,4
1555,2017-08-26 22:05:22,295,91
1556,2016-10-01 22:30:57,543,68
1557,2016-11-17 13:57:06,244,6
1558,2017-06-30 03:28:10,522,50
1559,2017-03-26 19:09:17,905,78
1560,2017-04-15 21:15:07,615,34
1561,2016-11-23 23:33:37,566,40
1562,2017-01-10 22:57:09,273,94
1563,2017-06-27 14:43:54,53,99
1564,2017-08-02 18:23:33,228,42
1565,2017-09-05 13:03:59,619,90
1566,2017-06-08 22:15:03,915,73
1567,2017-07-08 05:21:30,644,63
1568,2017-07-31 12:33:44,703,51
1569,2017-04-30 13:33:45,229,65
1570,2017-08-07 02:20:05,540,53
1571,2017-04-21 03:26:15,548,9
1572,2016-11-14 23:56:19,196,80
1573,2016-12-13 11:13:13,140,72
1574,2017-03-03 00:08:07,287,5
1575,2016-11-14 05:59:07,498,91
1576,2017-08-01 05:56:47,375,7
1577,2017-01-22 10:11:44,292,65
1578,2016-11-15 19:15:23,996,35
1579,2017-03-18 15:05:02,634,23
1580,2017-07-17 20:50:35,758,26
1581,2017-06-04 02:16:22,114,68
1582,2017-07-18 16:38:33,978,76
1583,2016-11-01 00:39:48,296,69
1584,2017-09-01 08:47:05,260,53
1585,2017-02-16 10:37:52,323,80
1586,2017-06-08 19:07:43,47,87
1587,2016-10-01 03:26:22,881,25
1588,2016-11-25 19:49:31,662,2
1589,2017-08-14 17:40:26,961,95
1590,2017-02-18 00:10:55,64,46
1591,2017-02-24 02:27:06,849,44
1592,2017-07-14 22:29:54,521,14
1593,2017-07-01 18:13:15,86,52
1594,2016-12-27 05:37:16,483,72
1595,2016-11-08 10:20:05,739,25
1596,2017-03-29 07:53:31,972,86
1597,2017-08-12 17:57:46,912,95
1598,2016-11-14 01:17:28,610,21
1599,2016-09-19 18:24:43,630,87
1600,2017-08-27 01:34:07,732,96
1601,2016-09-30 15:20:58,668,78
1602,2017-04-14 01:31:20,823,55
1603,2017-04-19 02:43:45,22,49
1604,2017-09-08 03:18:25,569,99
1605,2017-05-17 20:07:52,432,64
1606,2016-09-20 09:14:32,439,28
1607,2016-09-12 22:26:45,71,96
1608,2017-07-31 14:38:31,419,16
1609,2016-10-02 02:56:11,476,91
1610,2016-12-21 18:25:19,876,22
1611,2017-07-04 17:42:18,142,85
1612,2017-09-08 09:23:14,67,6
1613,2017-09-03 14:02:38,798,68
1614,2017-04-02 02:24:54,262,43
1615,2017-06-15 05:35:57,546,100
1616,2016-09-15 19:08:43,380,22
1617,2017-01-19 14:42:46,772,21
1618,2017-04-23 18:10:57,763,80
1619,2017-07-24 00:19:23,685,34
1620,2016-09-27 23:58:01,775,12
1621,2017-03-29 15:02:25,962,22
1622,2017-01-10 17:30:32,396,4
1623,2016-09-22 09:31:29,173,82
1624,2017-03-09 19:44:33,188,65
1625,2017-08-12 14:03:21,716,7
1626,2017-07-12 01:28:16,862,86
1627,2017-03-26 04:45:59,911,93
1628,2016-09-22 19:22:28,911,71
1629,2017-02-23 08:16:46,606,18
1630,2016-11-07 22:44:50,136,16
1631,2016-11-17 11:11:59,166,52
1632,2017-03-21 03:51:25,365,94
1633,2016-11-15 09:28:37,716,13
1634,2016-10-25 06:33:14,731,41
1635,2017-04-21 22:12:49,457,51
1636,2017-08-27 05:53:06,518,42
1637,2016-12-29 18:49:52,718,92
1638,2016-10-31 02:47:58,451,89
1639,2017-05-04 12:48:12,727,64
1640,2017-02-01 11:43:13,538,45
1641,2017-05-31 18:50:15,702,40
1642,2017-03-13 13:04:41,300,62
1643,2016-12-06 02:13:15,328,21
1644,2017-08-18 04:48:03,320,94
1645,2017-03-03 13:54:03,382,46
1646,2017-01-21 12:42:18,84,55
1647,2017-05-26 14:47:55,970,45
1648,2017-08-04 12:19:00,485,69
1649,2016-10-03 08:04:31,576,22
1650,2016-10-05 21:12:24,87,4
1651,2017-06-11 11:14:10,720,61
1652,2016-09-14 06:55:45,451,44
1653,2016-12-12 20:27:14,517,91
1654,2016-12-07 04:26:12,327,25
1655,2017-07-09 03:07:59,539,87
1656,2016-10-30 16:35:58,685,25
1657,2016-10-21 20:22:38,263,99
1658,2016-11-23 20:18:08,853,60
1659,2016-12-25 12:07:56,194,18
1660,2017-05-12 11:14:10,523,58
1661,2017-08-09 21:56:54,628,61
1662,2017-08-10 12:20:47,123,60
1663,2017-09-02 02:43:06,55,61
1664,2017-06-05 04:06:21,283,63
1665,2016-10-26 11:58:47,822,37
1666,2017-03-28 07:44:38,662,55
1667,2017-07-27 17:24:21,973,12
1668,2017-03-03 07:22:30,978,49
1669,2017-03-07 05:35:41,13,31
1670,2017-09-03 16:50:39,732,56
1671,2017-08-08 17:25:20,168,42
1672,2017-07-17 20:01:33,792,44
1673,2016-11-15 10:43:27,401,65
1674,2017-08-30 19:55:09,21,60
1675,2017-04-09 14:17:48,816,55
1676,2017-08-05 02:03:45,171,45
1677,2017-05-18 20:51:43,150,30
1678,2017-07-13 09:52:45,41,21
1679,2016-10-07 23:20:44,901,33
1680,2017-01-06 16:17:13,833,73
1681,2017-01-11 23:16:32,693,50
1682,2017-02-22 15:59:35,264,67
1683,2017-06-15 06:47:12,606,25
1684,2017-08-15 03:19:25,155,62
1685,2017-07-07 13:59:49,545,89
1686,2017-05-23 17:15:48,170,72
1687,2016-12-08 08:09:00,303,97
1688,2017-04-19 16:10:21,144,71
1689,2016-12-10 04:57:04,606,17
1690,2017-01-03 20:13:50,298,43
1691,2017-04-04 17:34:17,708,47
1692,2016-10-07 14:40:26,865,86
1693,2017-03-03 04:11:46,761,91
1694,2016-11-13 16:16:18,60,67
1695,2017-03-30 01:21:35,228,90
1696,2017-05-26 21:38:16,383,92
1697,2016-12-11 03:03:52,386,65
1698,2017-03-20 11:55:33,585,100
1699,2017-02-12 23:00:34,887,74
1700,2017-06-23 17:02:16,609,44
1701,2017-05-29 04:29:07,626,78
1702,2017-08-27 12:11:17,145,93
1703,2017-05-26 02:24:56,740,29
1704,2017-05-14 17:36:55,632,35
1705,2016-12-05 08:44:31,452,93
1706,2017-08-12 02:05:46,767,16
1707,2017-07-04 12:43:04,397,64
1708,2017-07-06 21:05:47,16,16
1709,2017-05-31 08:08:17,536,8
1710,2016-10-25 17:07:14,819,77
1711,2017-01-22 07:28:09,967,21
1712,2017-08-25 08:04:26,684,36
1713,2017-01-22 10:58:13,848,27
1714,2017-05-31 06:37:03,344,74
1715,2017-03-12 08:21:01,7,96
1716,2017-05-07 02:30:05,166,64
1717,2017-02-15 19:02:46,731,32
1718,2017-04-15 14:45:27,560,48
1719,2017-08-08 23:08:38,599,20
1720,2017-02-18 02:54:44,816,6
1721,2017-03-24 18:32:56,120,59
1722,2016-11-01 18:35:06,210,52
1723,2017-06-04 21:18:58,214,23
1724,2016-10-08 22:53:29,674,75
1725,2017-08-16 03:10:00,300,50
1726,2016-12-06 11:13:39,513,27
1727,2017-04-27 09:58:52,693,20
1728,2017-05-12 11:44:13,620,54
1729,2016-11-06 05:03:49,464,97
1730,2016-10-16 11:31:33,274,48
1731,2017-07-20 08:20:23,915,44
1732,2017-08-29 16:03:56,103,65
1733,2017-04-25 02:06:23,751,67
1734,2017-02-24 12:23:28,116,35
1735,2016-11-28 07:41:04,854,94
1736,2017-07-31 04:57:56,400,98
1737,2017-04-02 05:51:28,514,61
1738,2017-06-29 16:50:10,490,73
1739,2017-07-04 00:51:22,835,17
1740,2017-02-01 03:07:47,477,14
1741,2017-02-07 16:31:21,655,99
1742,2016-12-17 18:04:09,401,35
1743,2017-01-26 17:35:39,186,2
1744,2016-12-12 15:06:03,888,65
1745,2017-02-12 18:18:37,983,17
1746,2016-12-10 03:16:44,119,90
1747,2017-06-03 03:37:30,602,23
1748,2017-08-24 21:05:59,543,36
1749,2017-03-24 06:11:29,884,66
1750,2017-03-19 16:38:45,701,74
1751,2016-09-28 22:37:53,590,10
1752,2016-11-30 02:57:36,710,11
1753,2017-01-31 23:17:39,709,20
1754,2017-03-01 11:36:55,832,55
1755,2017-07-11 08:21:02,363,31
1756,2016-12-14 20:58:01,677,2
1757,2017-08-27 08:10:58,298,8
1758,2017-07-10 12:59:49,365,49
1759,2017-01-25 10:02:57,98,26
1760,2017-02-27 21:48:38,131,8
1761,2017-08-03 22:25:54,415,25
1762,2017-03-03 07:21:45,978,2
1763,2017-05-16 05:53:14,472,52
1764,2017-06-19 18:36:44,367,36
1765,2016-10-13 23:20:53,178,7
1766,2016-10-27 12:09:53,92,77
1767,2016-12-28 18:36:28,168,81
1768,2017-03-30 09:21:20,871,88
1769,2017-08-30 15:22:23,1000,71
1770,2016-10-16 05:05:00,419,37
1771,2017-02-05 05:01:23,10,10
1772,2017-04-03 02:58:04,379,31
1773,2017-01-09 09:37:07,173,75
1774,2016-11-20 08:54:57,789,28
1775,2016-10-25 01:44:03,996,92
1776,2017-04-10 18:00:45,351,41
1777,2017-01-25 17:14:57,170,33
1778,2017-03-15 00:29:29,426,65
1779,2017-07-08 14:44:24,847,80
1780,2017-09-11 00:31:56,995,3
1781,2017-02-08 06:30:50,860,9
1782,2016-11-30 11:25:48,791,3
1783,2017-08-31 12:48:40,887,67
1784,2017-04-25 22:55:38,903,89
1785,2017-05-14 23:58:58,363,33
1786,2016-10-20 03:18:08,249,38
1787,2016-10-14 17:03:28,416,63
1788,2017-02-09 20:18:56,679,59
1789,2017-02-09 01:24:06,371,47
1790,2017-07-17 00:50:50,859,37
1791,2017-04-19 10:38:37,387,21
1792,2017-06-07 03:48:30,776,56
1793,2016-10-25 11:44:07,536,21
1794,2017-03-24 08:46:08,196,39
1795,2017-05-03 13:07:06,994,20
1796,2017-08-18 08:55:50,406,86
1797,2016-11-19 05:10:51,277,20
1798,2017-03-28 14:02:17,879,17
1799,2017-06-11 10:02:44,858,79
1800,2017-08-13 10:21:08,50,22
1801,2017-03-24 14:55:44,102,30
1802,2016-12-25 11:39:15,592,52
1803,2017-07-13 06:10:40,925,27
1804,2017-04-10 14:24:08,106,30
1805,2016-10-26 09:15:39,737,97
1806,2017-08-12 07:49:16,661,13
1807,2017-02-02 04:04:04,173,44
1808,2017-06-24 14:37:45,679,71
1809,2017-04-20 08:16:32,638,88
1810,2016-11-03 22:23:43,91,64
1811,2017-04-30 14:22:46,65,50
1812,2016-11-12 06:58:16,483,35
1813,2017-02-14 13:03:52,693,37
1814,2017-03-21 09:52:38,505,55
1815,2017-09-08 13:39:04,143,56
1816,2017-04-09 14:27:20,769,25
1817,2017-07-04 16:50:10,852,36
1818,2017-02-17 15:15:26,762,78
1819,2016-11-07 09:31:52,630,87
1820,2016-10-14 16:52:26,70,37
1821,2016-10-28 20:15:39,832,74
1822,2017-07-11 07:01:37,488,1
1823,2017-04-30 09:59:39,167,17
1824,2017-03-18 03:01:44,714,81
1825,2017-08-15 18:38:23,40,81
1826,2017-05-26 17:57:24,435,11
1827,2016-11-17 02:14:37,301,92
1828,2017-07-27 11:19:32,445,100
1829,2017-08-31 17:47:55,279,95
1830,2017-06-06 04:55:03,542,43
1831,2017-02-07 11:18:20,503,32
1832,2017-05-30 19:41:37,667,36
1833,2017-08-07 10:15:00,671,43
1834,2016-09-18 17:51:06,129,30
1835,2017-06-01 17:09:55,296,20
1836,2016-11-12 03:25:59,665,13
1837,2017-02-13 19:17:18,930,16
1838,2017-03-13 01:00:05,133,10
1839,2016-09-27 03:25:48,319,85
1840,2017-06-22 18:45:35,900,36
1841,2016-12-28 08:59:16,651,34
1842,2016-09-26 16:37:37,462,96
1843,2017-05-27 21:40:13,251,91
1844,2017-07-30 10:15:48,943,53
1845,2017-04-12 23:38:59,856,49
1846,2016-10-19 00:01:25,952,36
1847,2017-06-11 12:38:42,796,62
1848,2017-04-15 14:19:47,711,47
1849,2017-09-09 04:13:57,47,84
1850,2016-11-11 21:46:20,766,35
1851,2017-05-11 19:29:59,39,44
1852,2017-08-21 21:44:03,470,97
1853,2017-01-04 04:11:44,584,61
1854,2017-07-11 08:10:10,64,91
1855,2017-07-05 20:09:02,450,97
1856,2017-07-21 05:12:06,260,10
1857,2017-08-20 11:35:52,297,73
1858,2017-06-29 01:23:11,50,55
1859,2017-07-07 01:12:14,629,100
1860,2016-09-27 07:34:21,77,49
1861,2017-08-07 22:25:17,477,3
1862,2017-02-17 06:52:04,841,28
1863,2017-06-06 12:55:08,647,56
1864,2016-11-29 08:58:11,738,70
1865,2017-04-23 09:35:35,391,51
1866,2017-02-02 10:43:36,35,43
1867,2017-08-06 12:54:28,934,51
1868,2017-04-25 21:20:10,398,52
1869,2017-06-04 23:31:02,108,47
1870,2017-09-10 04:23:46,419,56
1871,2017-09-06 14:27:10,424,68
1872,2016-11-30 04:37:17,656,73
1873,2017-08-28 08:55:24,400,71
1874,2017-02-01 21:03:31,268,3
1875,2016-11-02 11:49:20,697,35
1876,2017-03-18 09:47:00,511,18
1877,2017-09-11 08:26:04,373,36
1878,2017-06-20 17:58:20,446,2
1879,2017-05-12 01:45:23,903,19
1880,2017-06-14 16:10:29,712,30
1881,2017-07-19 22:29:26,687,75
1882,2017-02-11 00:06:45,723,62
1883,2017-03-27 13:34:31,250,12
1884,2017-09-12 09:26:08,137,36
1885,2017-02-21 10:40:41,581,56
1886,2017-07-01 14:28:49,914,1
1887,2017-07-02 05:37:21,233,57
1888,2017-09-02 06:06:31,725,64
1889,2016-11-03 12:06:04,274,100
1890,2017-08-06 03:26:54,659,97
1891,2017-05-22 20:30:18,337,17
1892,2017-02-09 18:34:11,144,71
1893,2017-01-22 07:19:19,520,59
1894,2017-08-08 10:05:47,729,43
1895,2017-07-12 00:09:43,773,45
1896,2016-11-05 00:34:35,715,46
1897,2016-09-23 11:06:28,187,44
1898,2017-05-01 08:57:29,79,44
1899,2017-04-15 23:08:22,557,22
1900,2016-10-05 20:55:40,794,14
1901,2017-07-08 03:48:07,770,71
1902,2017-07-03 20:49:27,143,1
1903,2016-09-25 09:39:23,275,87
1904,2016-10-18 08:46:22,633,55
1905,2017-02-05 14:11:18,860,30
1906,2017-09-08 12:32:40,518,20
1907,2016-11-24 04:18:01,460,67
1908,2016-11-14 20:08:02,906,98
1909,2017-02-06 15:24:34,251,64
1910,2017-01-05 12:46:39,401,3
1911,2017-04-21 00:09:33,75,12
1912,2016-11-19 08:13:51,483,27
1913,2017-03-18 16:10:44,553,57
1914,2017-05-08 14:18:25,697,11
1915,2017-07-04 02:02:10,776,49
1916,2017-07-12 04:58:41,248,55
1917,2017-07-23 00:27:32,197,39
1918,2016-12-31 01:02:42,547,48
1919,2017-03-10 01:07:58,256,18
1920,2016-09-30 01:43:01,18,12
1921,2017-02-27 09:07:58,471,54
1922,2017-02-05 08:18:13,311,93
1923,2016-10-25 12:05:25,197,22
1924,2017-07-07 16:38:30,910,45
1925,2016-11-07 20:24:06,852,32
1926,2016-11-12 12:00:03,470,93
1927,2017-05-05 06:22:15,426,96
1928,2017-06-04 11:22:50,188,98
1929,2016-11-23 06:44:49,513,89
1930,2017-03-11 11:49:02,88,29
1931,2017-01-31 12:19:11,375,34
1932,2016-09-13 04:27:26,834,58
1933,2017-05-27 19:40:59,725,39
1934,2017-05-01 22:16:44,41,98
1935,2016-12-03 15:35:10,560,6
1936,2017-06-30 09:49:17,95,3
1937,2017-08-03 11:39:37,594,41
1938,2017-05-10 03:30:53,960,79
1939,2017-07-11 04:02:11,623,87
1940,2016-11-17 07:01:49,237,48
1941,2017-08-22 13:30:36,179,71
1942,2017-08-12 00:51:17,401,61
1943,2017-03-23 07:57:01,658,59
1944,2017-09-05 18:12:27,583,18
1945,2017-09-11 08:12:33,472,68
1946,2016-12-17 16:47:23,460,85
1947,2016-12-01 22:27:29,6,30
1948,2017-08-24 01:36:22,417,73
1949,2017-04-19 21:08:55,674,46
1950,2017-04-29 20:13:56,710,24
1951,2016-10-17 08:10:31,516,81
1952,2016-11-10 03:36:50,263,11
1953,2016-11-17 20:07:01,211,23
1954,2017-01-03 21:33:22,899,84
1955,2017-04-07 22:19:02,92,14
1956,2017-03-18 00:24:44,307,27
1957,2017-07-09 09:56:13,841,71
1958,2017-01-16 09:20:52,875,50
1959,2017-09-11 19:45:52,295,46
1960,2016-12-20 08:15:49,669,77
1961,2016-11-27 16:02:13,128,13
1962,2017-07-05 16:26:51,613,14
1963,2016-11-16 15:09:59,421,3
1964,2016-09-22 22:02:17,862,10
1965,2017-06-29 19:42:08,486,58
1966,2016-10-09 02:51:10,328,1
1967,2017-07-28 18:53:04,376,59
1968,2016-10-18 02:38:43,110,59
1969,2017-05-11 14:34:53,813,1
1970,2016-09-24 17:46:49,418,91
1971,2017-03-21 05:49:19,144,73
1972,2017-02-20 17:46:34,174,99
1973,2016-12-03 08:56:21,432,5
1974,2016-10-21 11:14:37,482,73
1975,2017-04-18 00:25:58,505,16
1976,2017-08-09 11:00:03,493,64
1977,2017-04-12 04:56:28,278,11
1978,2017-03-02 11:57:00,765,70
1979,2017-02-02 15:00:14,134,63
1980,2017-07-10 22:11:59,793,62
1981,2016-12-29 11:35:12,197,12
1982,2016-09-23 08:47:56,621,58
1983,2016-09-29 13:46:59,710,74
1984,2017-02-28 17:24:33,158,53
1985,2017-02-07 23:44:09,739,58
1986,2017-02-14 02:40:28,426,89
1987,2016-12-27 18:33:06,300,60
1988,2017-08-12 14:21:37,866,74
1989,2016-09-14 22:07:03,647,35
1990,2017-09-06 01:15:44,458,16
1991,2016-09-28 02:57:38,498,95
1992,2017-05-07 16:29:06,783,78
1993,2017-04-03 21:40:28,55,55
1994,2017-09-02 17:49:17,475,19
1995,2017-03-22 12:10:19,174,27
1996,2017-03-16 17:51:46,807,38
1997,2016-12-19 20:11:20,386,43
1998,2017-07-30 17:17:52,943,10
1999,2017-01-03 00:22:41,158,10
2000,2017-06-09 00:53:58,617,90
2001,2017-01-05 23:26:15,674,5
2002,2017-02-03 10:54:47,779,98
2003,2017-01-09 12:23:12,641,65
2004,2016-09-14 22:14:35,705,29
2005,2017-05-07 13:50:11,992,17
2006,2017-05-21 02:37:13,438,49
2007,2017-06-08 03:59:49,111,23
2008,2016-09-16 09:29:39,266,17
2009,2016-10-19 06:13:53,768,74
2010,2017-05-03 06:42:09,353,95
2011,2017-02-21 02:24:06,6,16
2012,2016-10-05 07:34:10,311,40
2013,2016-09-25 00:06:01,587,26
2014,2016-09-20 00:21:15,487,75
2015,2017-03-31 05:29:54,353,11
2016,2017-05-31 19:31:35,642,3
2017,2017-02-12 19:36:42,144,42
2018,2016-11-21 21:07:39,1000,79
2019,2016-10-24 10:27:25,65,71
2020,2017-05-04 04:59:58,71,6
2021,2017-01-05 04:30:51,865,51
2022,2017-04-05 05:55:01,546,98
2023,2017-02-25 12:49:06,729,82
2024,2017-08-08 07:24:58,141,50
2025,2016-11-03 07:51:38,551,50
2026,2017-01-04 14:48:45,437,56
2027,2017-09-08 02:23:36,653,75
2028,2016-10-18 16:38:09,949,24
2029,2017-08-07 22:09:33,1,44
2030,2017-06-01 02:52:45,985,36
2031,2016-11-01 14:55:41,537,63
2032,2016-11-01 11:56:31,379,69
2033,2016-09-26 08:11:47,46,38
2034,2016-12-25 23:29:27,465,11
2035,2017-01-11 12:40:30,82,54
2036,2016-10-17 14:52:51,166,95
2037,2016-11-29 21:39:35,43,72
2038,2017-01-28 22:16:24,922,78
2039,2017-03-28 05:24:19,523,7
2040,2016-12-03 19:28:04,267,8
2041,2017-01-11 06:59:15,556,71
2042,2017-02-16 23:57:39,630,21
2043,2017-09-05 14:24:43,451,58
2044,2016-12-01 02:02:02,448,46
2045,2016-10-29 09:02:22,13,44
2046,2017-01-23 14:57:55,804,55
2047,2017-02-03 00:59:12,58,19
2048,2016-11-23 06:08:02,230,11
2049,2017-07-19 03:31:46,560,70
2050,2017-08-23 13:42:36,212,65
2051,2017-05-18 21:55:44,230,38
2052,2016-10-21 20:58:28,587,28
2053,2017-05-02 20:11:31,88,51
2054,2017-09-03 00:17:26,44,62
2055,2016-10-10 01:47:09,571,31
2056,2016-11-16 11:01:35,684,13
2057,2017-03-01 19:57:46,13,32
2058,2017-03-15 11:37:37,333,47
2059,2017-08-03 06:45:35,891,79
2060,2017-05-18 20:51:31,914,91
2061,2017-01-17 02:41:33,213,72
2062,2016-12-03 20:51:22,452,27
2063,2017-03-20 00:57:34,899,69
2064,2017-01-30 18:31:15,373,46
2065,2016-10-18 08:29:20,376,59
2066,2017-05-30 23:44:59,99,61
2067,2016-12-15 22:50:38,962,69
2068,2016-12-07 14:48:29,877,5
2069,2017-05-25 23:10:21,193,92
2070,2016-10-10 01:42:15,660,77
2071,2017-03-29 04:03:55,230,35
2072,2017-05-26 13:30:56,888,25
2073,2016-11-21 22:06:34,655,23
2074,2017-07-15 11:01:15,705,55
2075,2017-04-29 08:26:32,2,62
2076,2017-01-05 06:25:46,448,22
2077,2017-02-05 20:49:07,336,90
2078,2016-09-22 17:01:41,484,24
2079,2016-09-27 08:42:00,580,86
2080,2016-11-07 15:01:18,692,96
2081,2017-03-04 08:07:04,440,79
2082,2016-10-19 21:39:20,560,41
2083,2017-01-05 06:07:53,475,44
2084,2017-03-14 09:27:10,451,67
2085,2017-01-26 10:32:01,356,11
2086,2017-08-04 16:51:24,430,59
2087,2017-08-24 03:22:35,452,32
2088,2016-12-03 22:56:57,827,11
2089,2017-05-11 20:59:01,539,54
2090,2016-11-03 16:14:23,653,54
2091,2017-04-08 03:12:39,151,11
2092,2017-06-05 11:49:24,753,49
2093,2016-10-21 05:51:01,1000,24
2094,2017-08-08 16:40:36,720,58
2095,2016-10-27 15:04:36,92,42
2096,2017-07-24 02:18:14,535,54
2097,2016-09-17 20:34:57,202,10
2098,2017-05-11 16:08:50,933,68
2099,2016-09-24 10:40:23,530,39
2100,2017-06-03 07:44:47,344,89
2101,2016-11-01 04:28:44,493,78
2102,2017-05-13 02:06:20,470,95
2103,2017-03-09 14:08:53,91,30
2104,2017-07-02 02:59:06,52,63
2105,2017-01-31 08:25:21,828,71
2106,2016-12-15 01:10:34,168,98
2107,2016-10-25 01:21:57,804,93
2108,2017-03-03 03:11:44,464,81
2109,2017-04-16 16:01:29,157,19
2110,2017-07-26 09:55:00,383,25
2111,2017-05-14 20:48:00,596,92
2112,2017-07-26 05:12:09,779,80
2113,2017-02-11 10:01:05,10,72
2114,2017-04-12 23:42:53,474,54
2115,2016-09-21 00:11:06,95,82
2116,2017-03-17 02:04:07,424,59
2117,2016-09-14 10:21:24,590,90
2118,2017-06-09 02:59:07,532,68
2119,2017-06-13 15:45:02,190,59
2120,2017-01-20 01:45:20,308,2
2121,2017-02-25 06:06:09,287,48
2122,2017-01-16 17:30:05,996,10
2123,2017-04-20 14:52:14,395,46
2124,2017-09-05 23:18:24,894,56
2125,2016-11-04 16:05:36,644,28
2126,2017-01-08 10:16:32,799,24
2127,2017-04-24 23:07:05,193,58
2128,2017-01-29 20:09:28,36,21
2129,2017-08-24 10:59:53,289,51
2130,2017-01-09 18:45:59,742,39
2131,2016-11-08 21:08:46,326,17
2132,2017-08-19 21:54:09,970,92
2133,2017-07-12 04:13:27,58,51
2134,2017-01-07 17:28:55,594,25
2135,2017-08-20 15:53:05,83,91
2136,2017-03-09 19:08:53,265,37
2137,2017-03-22 14:55:42,376,26
2138,2017-03-30 11:38:52,460,78
2139,2017-05-09 06:55:03,719,36
2140,2017-06-18 17:42:27,321,37
2141,2016-11-26 19:51:50,630,12
2142,2017-02-11 23:36:26,601,83
2143,2017-07-28 21:50:05,697,64
2144,2016-11-17 16:31:27,24,99
2145,2016-10-21 06:35:53,146,77
2146,2017-02-06 22:30:47,368,48
2147,2016-10-22 20:31:58,930,34
2148,2017-02-09 00:33:26,385,99
2149,2016-10-06 20:42:39,837,98
2150,2016-12-09 15:56:34,235,92
2151,2016-10-27 06:49:32,879,50
2152,2016-12-25 21:27:27,290,26
2153,2017-06-13 09:03:36,759,75
2154,2017-02-02 17:27:00,25,48
2155,2017-04-18 23:33:06,102,35
2156,2017-07-09 11:30:30,840,74
2157,2016-10-12 01:04:01,465,44
2158,2017-03-27 05:13:13,553,17
2159,2017-02-28 22:32:50,76,58
2160,2017-02-16 20:24:18,146,23
2161,2016-11-26 12:47:50,342,52
2162,2017-03-06 18:25:23,692,28
2163,2017-06-16 01:02:54,850,8
2164,2016-10-01 07:35:03,258,69
2165,2016-11-28 22:10:39,55,50
2166,2017-05-06 13:25:43,607,94
2167,2017-02-25 22:36:18,991,90
2168,2016-12-17 15:04:44,188,75
2169,2017-03-28 23:42:35,645,22
2170,2017-08-18 13:33:33,227,75
2171,2017-03-09 09:03:29,558,7
2172,2017-06-09 08:04:08,478,3
2173,2017-03-14 13:23:15,505,3
2174,2017-08-25 14:03:03,184,59
2175,2017-01-29 00:14:46,606,33
2176,2016-11-26 08:31:51,802,95
2177,2016-12-25 05:34:37,843,50
2178,2017-09-06 21:45:59,218,70
2179,2017-04-09 04:52:52,570,48
2180,2017-08-20 17:02:32,380,63
2181,2016-12-28 10:42:05,968,99
2182,2017-02-27 23:43:37,557,96
2183,2017-05-12 11:10:56,883,75
2184,2016-10-31 10:58:10,708,53
2185,2017-03-22 03:42:01,956,94
2186,2017-07-09 14:26:31,274,52
2187,2017-05-30 09:09:11,999,76
2188,2016-12-22 07:57:15,536,51
2189,2017-04-25 20:25:07,780,72
2190,2017-05-16 05:23:10,85,39
2191,2017-08-11 22:36:24,48,89
2192,2016-11-23 14:17:44,333,90
2193,2016-10-19 13:06:12,379,55
2194,2017-05-28 17:06:52,584,95
2195,2016-09-13 00:54:01,26,97
2196,2017-03-05 00:34:20,572,100
2197,2017-04-07 00:38:50,950,13
2198,2017-03-26 20:57:41,953,84
2199,2017-08-19 19:48:43,873,66
2200,2017-01-27 00:56:02,359,83
2201,2017-01-19 23:32:30,594,64
2202,2017-06-09 10:23:39,342,60
2203,2016-09-14 06:13:22,382,88
2204,2017-08-15 19:43:41,96,17
2205,2017-07-05 14:22:29,596,18
2206,2016-10-21 13:00:00,547,65
2207,2016-10-30 22:06:43,66,88
2208,2017-06-29 19:50:30,534,45
2209,2017-08-11 07:46:03,429,12
2210,2017-05-16 04:16:46,393,46
2211,2017-04-02 00:33:50,80,97
2212,2017-03-05 03:54:50,448,3
2213,2016-12-21 06:13:46,92,40
2214,2017-02-16 10:00:37,861,97
2215,2017-06-17 04:51:03,60,22
2216,2017-02-16 12:44:31,792,66
2217,2017-01-29 16:38:11,851,14
2218,2016-12-04 22:07:42,245,24
2219,2017-05-12 20:22:30,10,34
2220,2017-05-29 16:45:24,394,61
2221,2017-05-04 09:09:01,520,94
2222,2017-01-16 14:51:50,248,59
2223,2017-07-03 06:38:32,819,79
2224,2017-01-17 12:25:56,29,25
2225,2016-11-15 01:13:53,899,43
2226,2017-03-24 14:46:49,702,98
2227,2017-03-16 04:03:49,385,15
2228,2017-04-07 07:50:12,7,48
2229,2017-04-24 22:33:48,550,87
2230,2017-03-05 15:05:15,440,61
2231,2017-01-18 03:56:18,86,24
2232,2017-01-03 22:02:44,262,94
2233,2017-03-17 02:34:10,365,51
2234,2016-10-15 07:34:50,169,38
2235,2017-07-03 21:28:15,847,57
2236,2017-04-07 04:36:44,978,37
2237,2017-01-06 16:27:57,502,23
2238,2017-09-09 02:54:27,951,32
2239,2017-04-18 20:08:34,7,98
2240,2017-03-04 17:08:53,568,91
2241,2017-01-04 17:27:29,399,27
2242,2017-07-10 15:52:12,883,79
2243,2017-05-03 17:30:43,419,89
2244,2017-08-27 16:52:17,259,97
2245,2016-12-15 06:33:45,757,70
2246,2016-11-13 21:57:02,577,85
2247,2017-04-06 10:04:45,931,84
2248,2016-10-19 16:28:12,779,30
2249,2017-03-05 23:48:13,346,95
2250,2017-02-07 10:58:54,668,20
2251,2017-01-15 07:22:06,508,65
2252,2017-06-10 16:46:59,558,1
2253,2017-04-09 04:47:19,871,51
2254,2017-08-17 07:59:35,329,88
2255,2017-03-16 23:35:14,486,90
2256,2017-04-03 04:25:19,782,89
2257,2017-05-09 10:52:43,165,67
2258,2017-02-25 21:14:40,668,59
2259,2017-02-23 13:54:37,554,93
2260,2017-02-28 21:36:10,552,31
2261,2017-07-06 18:29:01,626,13
2262,2016-10-09 15:02:51,152,56
2263,2017-05-02 13:27:14,967,93
2264,2017-08-14 05:36:01,850,32
2265,2017-02-21 01:40:07,876,52
2266,2017-07-06 06:31:19,504,39
2267,2016-12-17 21:45:50,162,7
2268,2017-02-01 10:50:50,393,4
2269,2016-11-10 19:04:57,568,73
2270,2017-02-02 00:22:09,910,6
2271,2017-03-01 23:16:36,617,70
2272,2016-10-06 05:44:37,938,79
2273,2017-02-14 14:17:26,356,61
2274,2016-11-18 20:35:55,365,91
2275,2017-05-19 15:44:21,532,92
2276,2017-02-16 20:43:18,219,16
2277,2016-10-14 08:02:42,44,37
2278,2017-03-19 09:49:50,712,2
2279,2017-03-13 06:28:07,300,57
2280,2016-10-02 01:10:38,323,18
2281,2017-01-05 17:02:43,78,83
2282,2017-05-20 08:40:49,559,24
2283,2017-05-07 04:27:34,887,96
2284,2016-11-10 21:13:17,272,46
2285,2017-01-10 18:01:50,672,19
2286,2016-11-09 22:36:52,508,29
2287,2017-05-05 18:47:26,872,45
2288,2016-10-29 05:06:16,70,23
2289,2017-08-24 16:06:40,51,44
2290,2017-07-03 01:16:17,135,59
2291,2016-10-08 05:21:48,351,36
2292,2017-01-10 06:59:40,739,40
2293,2016-11-02 02:43:06,723,46
2294,2016-09-22 00:09:01,405,3
2295,2017-08-04 07:47:41,12,73
2296,2016-12-15 11:24:22,197,9
2297,2016-11-04 15:43:47,554,76
2298,2017-08-09 01:20:15,329,44
2299,2016-09-14 06:01:00,707,60
2300,2017-09-08 07:14:41,895,38
2301,2017-08-17 12:39:04,781,41
2302,2016-09-27 13:33:10,667,66
2303,2017-04-12 04:40:01,848,74
2304,2016-12-09 10:14:27,879,90
2305,2017-04-26 20:07:52,171,2
2306,2017-05-14 01:34:24,480,53
2307,2017-03-14 00:43:58,367,22
2308,2016-11-28 19:41:56,916,9
2309,2017-02-12 11:00:43,670,32
2310,2017-08-25 14:47:01,111,69
2311,2017-01-01 03:42:59,47,31
2312,2017-09-11 00:21:54,770,61
2313,2016-10-24 21:47:59,63,10
2314,2017-07-21 08:22:25,40,77
2315,2017-01-31 13:31:04,698,94
2316,2017-05-09 06:01:39,147,48
2317,2016-10-25 11:24:35,336,82
2318,2017-08-31 18:22:27,129,19
2319,2017-08-03 08:50:23,549,1
2320,2016-10-22 08:50:24,81,72
2321,2017-01-31 04:39:18,20,57
2322,2017-02-17 17:26:48,241,39
2323,2017-03-24 11:45:27,780,16
2324,2017-09-07 23:54:00,475,45
2325,2017-02-15 09:36:19,476,59
2326,2017-04-30 19:57:25,130,53
2327,2017-01-24 13:30:04,893,90
2328,2017-08-17 21:51:30,123,96
2329,2017-01-02 01:08:27,997,17
2330,2017-08-10 13:20:17,724,70
2331,2017-05-31 22:11:15,97,87
2332,2016-11-30 14:55:29,171,44
2333,2016-12-30 04:46:44,683,30
2334,2016-09-27 18:10:20,616,24
2335,2017-08-16 03:22:54,306,70
2336,2016-11-30 02:44:54,951,33
2337,2017-03-03 00:02:47,257,20
2338,2017-05-22 10:46:07,712,4
2339,2016-09-24 14:09:38,348,19
2340,2017-04-23 04:30:54,485,83
2341,2017-07-15 11:19:45,772,62
2342,2017-07-30 09:11:48,346,67
2343,2017-04-12 20:09:30,513,47
2344,2017-06-20 05:46:08,619,51
2345,2017-08-12 18:24:12,632,35
2346,2016-10-31 10:29:22,202,73
2347,2017-02-27 21:06:04,212,38
2348,2017-06-15 14:17:28,161,90
2349,2016-12-31 01:40:38,672,78
2350,2017-02-14 00:30:40,126,98
2351,2017-01-03 13:46:54,472,8
2352,2017-07-31 07:41:55,303,73
2353,2017-07-13 16:12:42,268,2
2354,2017-07-12 17:53:27,766,62
2355,2017-08-25 20:50:33,201,25
2356,2017-02-13 17:58:21,438,98
2357,2016-10-02 10:31:06,864,79
2358,2016-12-03 17:12:32,636,38
2359,2016-09-20 12:52:02,252,26
2360,2017-04-14 18:37:15,885,89
2361,2016-10-21 09:48:17,597,9
2362,2016-12-07 22:42:30,611,81
2363,2017-01-17 09:17:29,459,78
2364,2017-07-01 12:18:18,703,13
2365,2016-09-27 23:02:03,547,83
2366,2016-12-05 04:32:27,107,2
2367,2017-07-30 07:36:06,904,41
2368,2016-10-19 11:04:40,748,18
2369,2017-01-29 21:46:12,424,52
2370,2017-06-17 11:31:55,786,63
2371,2016-12-31 06:04:24,763,23
2372,2017-07-10 17:24:12,596,63
2373,2016-10-03 23:57:53,6,24
2374,2017-09-06 10:25:41,3,26
2375,2017-04-25 17:47:48,486,89
2376,2017-06-20 19:02:52,141,9
2377,2017-03-05 07:58:18,975,76
2378,2017-03-19 05:11:20,892,44
2379,2016-10-27 08:34:58,523,60
2380,2017-03-03 16:45:18,562,7
2381,2017-03-04 00:37:05,422,67
2382,2017-09-03 02:05:01,89,33
2383,2016-10-30 15:37:11,77,84
2384,2016-11-17 20:12:34,497,51
2385,2017-05-25 11:16:20,349,29
2386,2016-10-21 19:46:04,124,12
2387,2017-03-08 17:09:26,504,72
2388,2017-05-05 00:45:51,738,51
2389,2016-12-19 05:06:43,951,74
2390,2017-03-22 20:48:09,767,44
2391,2016-10-20 16:04:39,628,91
2392,2016-12-10 13:40:19,519,61
2393,2016-10-24 00:00:29,659,41
2394,2016-12-16 08:37:01,34,19
2395,2017-03-23 23:16:28,4,60
2396,2016-11-13 19:11:50,251,43
2397,2017-01-07 01:48:13,264,34
2398,2016-11-28 16:22:58,752,35
2399,2017-06-07 02:53:33,175,25
2400,2017-05-02 17:20:26,841,53
2401,2016-12-27 09:44:02,529,97
2402,2017-08-24 04:08:00,634,4
2403,2017-09-03 05:59:40,684,38
2404,2016-10-26 19:40:30,541,64
2405,2017-02-05 18:25:46,111,31
2406,2017-08-27 20:00:18,70,74
2407,2016-10-25 04:51:43,215,59
2408,2017-01-28 13:52:37,340,88
2409,2017-06-15 15:29:13,998,38
2410,2016-12-24 16:48:03,54,1
2411,2017-02-05 19:51:28,969,31
2412,2016-11-05 01:34:59,428,24
2413,2017-07-16 01:13:00,644,18
2414,2017-01-20 17:03:32,574,82
2415,2017-07-05 11:44:43,426,42
2416,2016-11-26 05:13:37,341,96
2417,2017-03-25 18:50:42,379,98
2418,2017-05-10 10:26:22,986,7
2419,2017-04-17 14:28:20,346,53
2420,2016-09-13 12:47:25,695,46
2421,2016-10-07 19:12:45,834,77
2422,2017-01-05 02:34:17,194,5
2423,2017-04-27 01:15:20,353,54
2424,2016-11-21 18:45:01,921,36
2425,2016-10-19 02:40:08,907,98
2426,2016-12-09 22:05:22,352,88
2427,2017-04-11 00:29:27,280,78
2428,2016-09-13 02:56:52,108,93
2429,2016-10-27 04:12:29,958,69
2430,2017-02-19 14:51:59,741,39
2431,2017-03-27 06:50:10,94,9
2432,2017-02-17 05:38:34,337,48
2433,2017-08-14 21:44:26,56,33
2434,2017-08-18 01:15:00,534,41
2435,2017-02-10 09:59:28,848,23
2436,2017-03-06 08:10:04,857,69
2437,2017-01-27 14:13:40,993,6
2438,2016-11-28 06:47:37,729,35
2439,2017-05-08 01:43:06,584,65
2440,2017-05-10 16:21:22,696,50
2441,2016-11-24 06:06:12,624,5
2442,2017-04-27 02:01:17,366,91
2443,2017-08-12 20:21:40,827,48
2444,2016-09-14 09:19:43,826,79
2445,2017-06-05 03:26:13,153,57
2446,2017-08-31 16:36:28,167,25
2447,2017-06-30 23:38:12,647,51
2448,2017-06-24 16:44:15,719,71
2449,2016-11-17 18:39:43,824,26
2450,2016-10-19 00:24:14,102,68
2451,2017-08-31 00:33:27,481,96
2452,2017-04-08 21:49:36,352,48
2453,2017-09-02 14:24:26,10,8
2454,2017-03-21 07:42:15,819,60
2455,2017-01-08 08:31:16,729,52
2456,2017-06-25 08:26:04,84,36
2457,2017-04-07 03:49:46,562,45
2458,2016-09-20 18:21:38,256,39
2459,2016-10-26 01:48:30,921,9
2460,2017-05-05 13:29:19,172,8
2461,2016-12-24 00:27:01,647,34
2462,2017-03-16 08:20:27,320,30
2463,2017-08-12 05:06:14,841,4
2464,2017-08-05 12:07:40,995,67
2465,2017-03-11 20:29:50,290,10
2466,2017-07-25 03:30:00,336,77
2467,2017-03-23 19:50:39,55,69
2468,2017-01-20 12:28:38,243,7
2469,2017-04-21 13:18:44,767,7
2470,2016-11-09 16:45:09,657,50
2471,2017-03-22 14:13:05,575,74
2472,2017-06-08 02:24:25,848,14
2473,2017-08-02 04:34:14,189,11
2474,2016-10-10 14:54:42,524,11
2475,2017-05-09 06:40:42,186,70
2476,2016-09-21 03:30:05,182,84
2477,2017-08-16 08:07:18,34,51
2478,2016-10-16 22:15:35,125,88
2479,2017-05-16 22:32:43,539,12
2480,2017-01-03 09:14:51,539,83
2481,2017-08-03 01:32:02,215,88
2482,2017-06-29 08:43:08,598,27
2483,2016-10-26 11:16:35,561,85
2484,2016-11-18 05:52:00,334,33
2485,2017-05-14 14:48:19,901,100
2486,2016-11-21 19:41:33,822,48
2487,2016-09-22 21:47:24,731,67
2488,2017-03-20 01:34:17,611,92
2489,2016-09-17 06:42:27,774,14
2490,2016-09-17 22:41:38,27,96
2491,2017-05-27 23:26:05,829,21
2492,2017-02-24 16:10:20,791,87
2493,2016-11-15 13:44:31,709,92
2494,2017-08-20 10:34:13,736,25
2495,2016-11-07 07:23:09,34,28
2496,2016-11-19 23:51:57,75,25
2497,2016-09-23 12:55:47,148,68
2498,2016-11-29 08:42:46,518,71
2499,2017-06-03 15:21:12,513,86
2500,2017-04-04 14:14:44,34,42
2501,2017-07-06 18:28:02,842,86
2502,2017-06-09 15:00:46,889,58
2503,2017-03-17 07:16:32,525,50
2504,2017-05-27 20:39:39,491,30
2505,2017-06-08 15:38:41,634,52
2506,2017-03-30 09:06:57,257,47
2507,2017-07-02 01:45:38,725,5
2508,2016-11-24 19:34:10,324,44
2509,2016-12-08 00:18:41,962,6
2510,2016-11-17 09:43:56,681,100
2511,2017-09-02 15:31:14,334,76
2512,2017-09-10 04:19:45,243,49
2513,2017-01-05 08:52:29,428,76
2514,2017-09-05 11:04:54,189,95
2515,2017-03-19 07:57:07,611,23
2516,2016-12-31 12:13:20,354,46
2517,2017-05-24 14:28:21,79,25
2518,2017-08-10 06:03:19,25,61
2519,2017-09-05 15:01:03,743,52
2520,2016-12-15 15:43:08,902,38
2521,2017-08-25 03:36:05,32,16
2522,2017-05-18 07:42:43,838,76
2523,2017-07-15 05:51:14,205,17
2524,2016-12-19 05:22:53,190,17
2525,2017-07-12 16:51:06,222,87
2526,2016-12-30 21:35:58,161,56
2527,2017-09-09 07:41:50,625,41
2528,2016-10-26 22:15:50,37,6
2529,2017-06-11 20:30:50,163,23
2530,2017-04-10 07:24:47,993,78
2531,2017-08-01 17:53:37,449,35
2532,2017-01-24 21:02:35,226,53
2533,2016-10-20 11:32:33,589,25
2534,2017-07-19 07:29:37,130,34
2535,2016-12-17 10:01:32,764,4
2536,2017-06-02 10:42:42,707,80
2537,2016-11-28 01:40:59,190,55
2538,2017-05-18 20:38:26,551,40
2539,2017-04-21 03:14:19,706,75
2540,2017-08-04 02:25:46,561,93
2541,2017-06-16 22:24:17,610,73
2542,2017-08-02 11:06:18,482,24
2543,2017-07-04 22:34:31,124,52
2544,2017-04-13 12:20:37,287,29
2545,2017-02-13 17:36:20,744,28
2546,2017-05-12 14:02:12,59,20
2547,2017-07-29 12:29:48,625,29
2548,2017-06-13 21:58:11,719,22
2549,2017-07-07 08:39:13,534,85
2550,2017-01-08 20:49:47,545,30
2551,2016-10-27 10:32:45,880,26
2552,2017-05-21 05:07:30,93,7
2553,2016-12-04 22:18:20,794,65
2554,2017-07-12 10:25:34,464,50
2555,2017-04-06 14:35:19,384,3
2556,2016-12-28 05:04:42,426,100
2557,2017-06-17 02:57:05,745,91
2558,2017-08-26 18:57:39,228,87
2559,2017-09-01 04:39:38,426,52
2560,2016-10-12 07:56:22,153,17
2561,2017-03-13 13:55:27,793,22
2562,2017-08-12 02:13:51,361,42
2563,2017-01-10 11:02:42,496,8
2564,2016-09-24 10:14:08,632,3
2565,2016-10-16 03:29:39,927,18
2566,2017-09-09 20:13:51,328,81
2567,2017-02-26 05:21:12,426,42
2568,2017-03-28 21:07:16,875,22
2569,2017-01-25 23:33:50,64,34
2570,2017-09-09 16:36:19,719,45
2571,2017-05-30 03:22:29,362,15
2572,2017-04-09 06:53:30,440,11
2573,2017-05-14 17:39:18,52,67
2574,2017-09-03 11:11:58,974,48
2575,2016-10-30 00:22:23,181,13
2576,2017-01-22 21:09:21,647,98
2577,2016-11-20 15:33:41,338,1
2578,2017-01-23 15:44:57,392,84
2579,2016-10-24 23:49:07,86,3
2580,2017-09-11 03:33:32,864,2
2581,2017-06-20 01:48:28,199,20
2582,2017-08-02 13:26:33,818,63
2583,2017-04-11 20:07:34,611,70
2584,2016-11-10 16:26:42,843,68
2585,2017-03-15 08:19:17,31,57
2586,2017-05-13 12:53:23,121,40
2587,2017-01-30 17:56:51,706,56
2588,2017-09-01 04:46:23,498,76
2589,2016-11-21 02:26:52,227,48
2590,2017-05-08 05:50:05,235,41
2591,2016-10-26 14:44:20,597,89
2592,2016-12-18 16:42:46,381,94
2593,2017-06-20 00:44:52,888,78
2594,2017-06-13 04:19:55,769,98
2595,2017-07-30 23:18:51,796,64
2596,2016-09-29 00:04:06,985,100
2597,2016-11-18 13:23:03,823,81
2598,2017-08-09 18:22:00,617,44
2599,2017-08-11 10:26:06,495,46
2600,2017-07-17 21:58:23,107,53
2601,2017-01-26 14:24:13,21,23
2602,2017-08-28 13:03:24,917,73
2603,2016-10-30 20:11:21,787,42
2604,2017-05-29 05:42:55,484,2
2605,2016-11-20 20:33:49,885,72
2606,2017-01-12 19:00:10,420,49
2607,2017-06-02 20:47:55,599,80
2608,2017-03-10 07:03:00,416,49
2609,2017-02-06 02:59:12,573,19
2610,2017-05-16 19:58:56,460,37
2611,2017-02-15 08:57:02,816,45
2612,2017-08-01 06:38:09,361,64
2613,2017-04-30 07:25:56,247,98
2614,2016-11-02 18:19:54,71,75
2615,2017-03-23 00:48:04,438,18
2616,2017-01-19 02:22:22,267,46
2617,2017-01-21 07:27:41,404,19
2618,2016-09-21 23:34:26,185,19
2619,2017-02-07 16:13:35,597,67
2620,2017-02-04 08:56:48,202,49
2621,2017-08-13 23:12:34,386,63
2622,2017-08-13 19:49:04,962,99
2623,2017-06-09 05:23:19,421,38
2624,2017-01-29 09:19:44,472,100
2625,2017-01-06 00:58:31,562,94
2626,2017-04-29 13:21:47,361,38
2627,2016-10-30 14:21:44,375,73
2628,2016-10-31 07:45:48,15,63
2629,2017-07-22 15:57:59,700,9
2630,2016-10-29 03:55:26,363,14
2631,2017-07-02 18:41:52,262,63
2632,2017-07-01 13:30:08,596,67
2633,2017-05-03 12:49:55,812,78
2634,2016-12-16 11:33:14,855,41
2635,2017-02-23 19:35:21,448,6
2636,2017-05-31 10:42:01,888,84
2637,2016-11-07 05:25:13,678,85
2638,2017-05-18 06:16:16,819,10
2639,2017-07-03 20:00:21,227,29
2640,2017-07-10 01:22:34,91,79
2641,2017-02-22 17:44:21,220,46
2642,2017-03-24 19:20:01,165,60
2643,2017-06-17 07:34:03,173,18
2644,2017-08-31 19:49:35,216,88
2645,2016-12-17 22:34:35,264,58
2646,2017-08-22 16:47:00,9,53
2647,2017-07-24 18:44:43,208,61
2648,2017-05-05 19:16:16,190,2
2649,2017-07-16 07:20:40,384,5
2650,2017-04-14 02:34:09,426,84
2651,2017-01-16 07:55:31,101,32
2652,2017-01-27 10:11:56,665,78
2653,2017-02-28 05:06:49,163,49
2654,2017-04-30 04:19:23,876,39
2655,2017-06-14 15:46:14,773,97
2656,2017-08-19 04:57:25,178,100
2657,2017-09-02 22:29:51,418,35
2658,2016-11-21 19:04:21,587,60
2659,2017-03-11 22:22:56,521,81
2660,2017-07-23 05:38:20,463,79
2661,2017-05-26 16:05:18,381,48
2662,2017-09-01 17:27:23,308,59
2663,2017-03-04 23:13:41,76,50
2664,2017-01-18 10:58:43,607,46
2665,2017-08-10 21:19:33,542,4
2666,2017-08-23 11:44:11,291,65
2667,2016-09-21 10:20:15,346,96
2668,2017-07-07 01:35:54,419,51
2669,2017-08-26 04:50:47,439,30
2670,2016-11-05 21:32:13,898,22
2671,2017-07-02 19:47:51,260,8
2672,2017-02-20 09:06:08,203,68
2673,2017-07-06 18:56:14,418,79
2674,2016-12-07 05:32:07,267,94
2675,2017-05-12 22:39:38,591,73
2676,2017-06-06 12:58:40,722,98
2677,2017-04-05 03:13:26,201,3
2678,2017-01-05 01:51:23,560,28
2679,2017-02-27 22:52:35,527,17
2680,2017-01-14 01:38:14,736,7
2681,2017-07-21 05:33:26,198,3
2682,2017-07-31 02:55:46,709,55
2683,2016-09-28 02:14:16,982,13
2684,2016-12-08 10:32:40,52,42
2685,2016-11-21 09:12:53,421,95
2686,2016-11-08 22:33:59,631,68
2687,2017-07-23 02:00:11,25,84
2688,2017-04-20 20:18:25,357,45
2689,2017-07-04 08:02:41,623,63
2690,2017-01-12 19:17:45,380,22
2691,2016-10-13 14:55:46,353,11
2692,2017-05-07 08:14:28,185,56
2693,2017-01-17 15:30:24,130,75
2694,2017-04-25 03:15:00,830,66
2695,2016-09-26 13:56:33,910,57
2696,2017-05-01 14:23:51,723,11
2697,2017-04-13 20:05:50,592,44
2698,2017-05-11 08:10:13,651,58
2699,2017-04-14 18:12:21,559,71
2700,2017-09-11 10:43:29,993,98
2701,2017-05-09 07:16:08,653,63
2702,2017-03-30 20:32:46,659,68
2703,2016-10-30 22:56:20,457,2
2704,2017-03-02 23:17:08,119,8
2705,2017-03-24 10:17:22,638,50
2706,2017-03-15 02:53:39,292,100
2707,2017-01-22 11:07:31,598,48
2708,2016-11-30 03:44:53,545,73
2709,2016-11-02 13:19:52,221,38
2710,2017-04-03 21:46:32,383,14
2711,2017-04-11 07:09:53,940,11
2712,2016-10-26 13:03:44,238,54
2713,2017-08-21 12:31:22,537,89
2714,2017-08-16 00:13:52,105,10
2715,2016-10-08 07:36:11,592,10
2716,2017-03-17 14:39:39,73,25
2717,2016-12-16 20:48:28,721,74
2718,2017-03-04 12:22:58,921,18
2719,2017-08-28 22:09:53,746,4
2720,2017-02-22 23:02:51,256,39
2721,2017-07-08 20:38:30,537,55
2722,2016-09-27 12:55:23,375,14
2723,2017-06-12 08:53:21,24,92
2724,2017-05-08 15:52:11,862,25
2725,2017-03-31 10:32:31,293,25
2726,2017-03-23 04:58:58,375,24
2727,2016-12-14 19:45:23,350,62
2728,2017-06-22 12:33:44,764,89
2729,2017-03-12 06:07:41,501,87
2730,2016-12-17 22:25:14,981,10
2731,2017-02-07 17:22:22,965,6
2732,2016-10-07 09:03:32,336,69
2733,2017-06-29 06:12:29,785,26
2734,2017-02-09 00:32:36,863,53
2735,2016-11-01 04:19:28,296,12
2736,2017-07-02 21:49:57,914,84
2737,2016-12-04 19:44:17,666,29
2738,2017-01-25 06:50:15,967,69
2739,2017-06-17 23:54:30,206,83
2740,2017-09-09 14:57:58,934,50
2741,2017-08-09 06:18:25,73,31
2742,2017-01-23 09:26:53,732,43
2743,2016-11-15 15:41:39,921,50
2744,2016-10-03 07:31:52,308,43
2745,2017-07-06 05:49:33,364,29
2746,2017-07-02 11:16:04,513,33
2747,2017-08-23 19:21:19,341,85
2748,2017-03-01 09:21:57,14,13
2749,2017-03-01 02:59:30,105,88
2750,2017-02-05 19:16:27,655,41
2751,2017-08-30 22:30:18,995,57
2752,2017-05-23 20:21:47,233,66
2753,2017-04-20 16:26:07,856,20
2754,2017-06-02 04:30:03,350,7
2755,2017-07-24 22:33:25,28,29
2756,2017-06-02 00:27:40,560,11
2757,2016-10-22 17:16:13,591,30
2758,2017-09-04 06:56:28,523,52
2759,2016-09-23 09:07:02,787,84
2760,2017-03-03 08:46:18,932,15
2761,2016-12-23 01:14:53,119,45
2762,2017-08-18 13:29:16,478,46
2763,2017-01-15 23:32:59,294,50
2764,2017-02-11 04:36:35,585,40
2765,2017-04-02 15:24:11,368,24
2766,2017-03-24 22:19:42,799,37
2767,2016-12-22 11:34:17,808,4
2768,2017-03-07 01:18:08,21,67
2769,2017-03-27 08:44:27,230,37
2770,2017-06-26 19:49:56,724,26
2771,2016-11-07 17:43:28,653,29
2772,2017-07-20 04:48:23,358,25
2773,2017-07-01 00:10:11,575,89
2774,2016-09-15 01:15:54,755,37
2775,2017-03-31 06:28:57,711,69
2776,2017-05-16 00:24:16,511,83
2777,2017-06-18 10:53:44,132,99
2778,2017-04-29 11:21:06,289,43
2779,2016-11-18 08:40:47,480,88
2780,2016-11-08 12:59:10,823,85
2781,2017-05-14 07:25:16,112,63
2782,2017-07-03 18:11:05,208,92
2783,2016-10-28 15:09:05,653,23
2784,2017-08-01 10:04:29,581,89
2785,2017-05-14 04:08:51,598,31
2786,2017-01-15 11:42:05,140,26
2787,2017-08-16 13:40:07,588,50
2788,2017-02-16 12:16:52,495,17
2789,2017-04-17 17:57:55,378,25
2790,2017-08-12 01:49:52,523,9
2791,2017-04-01 19:20:38,935,4
2792,2017-04-10 16:10:20,917,7
2793,2016-10-22 00:09:19,22,21
2794,2016-10-21 07:16:19,491,51
2795,2017-03-09 12:49:49,78,32
2796,2017-07-05 12:33:48,347,19
2797,2017-04-21 18:03:48,935,56
2798,2017-08-24 14:30:39,107,59
2799,2017-04-26 02:47:00,783,69
2800,2017-02-17 23:07:20,469,39
2801,2017-04-03 06:45:40,992,61
2802,2016-12-19 01:08:20,631,58
2803,2017-04-06 02:32:25,105,13
2804,2017-01-29 23:38:06,742,49
2805,2017-04-17 16:55:43,374,27
2806,2017-02-18 07:55:46,570,31
2807,2017-07-02 22:09:05,298,49
2808,2017-05-04 15:34:05,375,32
2809,2017-05-24 08:18:16,691,87
2810,2016-12-27 14:18:57,820,77
2811,2017-08-08 10:28:57,179,17
2812,2017-05-14 10:25:28,957,12
2813,2017-03-11 02:42:41,720,7
2814,2017-04-01 08:03:39,700,51
2815,2017-01-16 22:19:56,752,17
2816,2017-03-30 03:28:53,882,75
2817,2017-09-08 10:57:40,776,52
2818,2017-03-20 13:36:42,323,89
2819,2017-03-05 00:14:11,638,7
2820,2017-08-04 10:03:26,363,2
2821,2016-09-18 20:43:36,329,94
2822,2016-10-16 10:23:41,320,63
2823,2017-08-11 03:09:24,418,70
2824,2017-04-22 03:41:18,945,11
2825,2017-07-13 00:08:16,560,77
2826,2017-04-02 16:10:22,877,74
2827,2016-09-27 21:04:36,930,84
2828,2017-08-09 04:08:12,851,65
2829,2017-07-05 17:50:54,897,56
2830,2017-03-26 06:41:11,152,65
2831,2017-04-08 14:35:47,719,4
2832,2017-07-29 21:02:33,391,50
2833,2017-02-16 14:46:49,547,72
2834,2016-12-12 03:42:50,375,19
2835,2017-03-22 09:37:47,778,74
2836,2017-09-02 11:27:27,195,11
2837,2017-08-15 16:54:02,669,52
2838,2017-03-23 09:07:19,733,9
2839,2017-01-05 17:35:26,209,68
2840,2017-03-31 05:07:06,196,77
2841,2016-10-28 12:29:48,442,8
2842,2017-08-24 01:19:25,506,38
2843,2017-09-04 03:26:46,905,36
2844,2017-07-29 06:15:37,21,81
2845,2017-01-22 13:18:18,906,18
2846,2017-04-03 03:32:45,449,63
2847,2017-04-11 21:34:03,206,84
2848,2017-01-11 07:59:17,119,76
2849,2017-06-11 13:46:59,554,50
2850,2016-11-23 02:01:14,935,34
2851,2017-06-22 14:47:44,230,13
2852,2017-01-15 10:30:57,437,90
2853,2017-07-22 13:07:30,645,17
2854,2017-08-12 02:35:08,985,86
2855,2017-03-21 19:13:15,846,18
2856,2016-10-04 15:49:12,622,29
2857,2016-10-17 10:45:23,252,13
2858,2017-08-02 01:50:09,659,16
2859,2017-01-14 08:54:13,483,68
2860,2017-02-15 22:35:54,958,39
2861,2017-07-01 21:25:33,851,41
2862,2017-03-25 19:12:40,13,6
2863,2017-08-16 10:18:20,246,14
2864,2016-09-16 05:05:58,807,80
2865,2016-11-24 05:52:01,624,75
2866,2017-01-08 22:40:37,130,86
2867,2017-03-21 08:31:27,872,57
2868,2016-12-22 14:34:03,752,52
2869,2017-01-09 09:15:53,735,74
2870,2017-07-17 15:28:31,370,59
2871,2017-02-18 13:02:26,917,100
2872,2017-06-05 23:01:21,868,17
2873,2017-01-16 12:21:12,119,53
2874,2017-01-16 12:04:18,325,61
2875,2016-11-24 16:06:56,205,29
2876,2016-10-26 04:52:24,990,6
2877,2017-02-24 18:05:39,689,1
2878,2017-03-25 01:55:07,110,94
2879,2017-01-21 03:04:42,132,92
2880,2017-06-16 05:38:41,733,76
2881,2017-04-03 10:59:25,659,87
2882,2017-05-08 22:45:23,609,53
2883,2016-11-08 23:17:14,429,37
2884,2017-05-12 01:24:14,47,17
2885,2016-10-31 14:07:30,98,42
2886,2017-07-08 05:35:33,744,2
2887,2017-02-18 15:12:43,408,62
2888,2017-01-11 04:06:35,183,53
2889,2016-12-14 11:21:06,137,51
2890,2016-12-02 11:31:34,127,35
2891,2016-12-10 02:12:32,789,12
2892,2017-06-02 21:41:51,395,48
2893,2017-05-23 07:48:37,118,51
2894,2017-01-11 15:22:42,411,25
2895,2016-10-10 03:24:30,422,15
2896,2017-03-18 04:47:45,5,8
2897,2016-11-22 14:15:23,6,62
2898,2017-03-23 13:22:08,609,44
2899,2017-01-25 16:29:06,975,66
2900,2016-10-04 03:22:03,597,8
2901,2017-05-20 12:24:57,72,34
2902,2017-08-03 18:52:50,86,48
2903,2017-09-08 10:10:21,951,27
2904,2017-05-18 21:51:11,5,9
2905,2017-01-26 14:55:30,775,14
2906,2016-12-06 09:50:29,428,57
2907,2016-11-14 01:03:45,248,83
2908,2017-01-15 23:55:39,39,37
2909,2017-03-31 19:47:28,327,45
2910,2017-08-27 06:36:59,615,75
2911,2016-10-03 00:30:45,593,62
2912,2017-03-05 19:18:45,828,60
2913,2017-03-24 13:48:12,234,44
2914,2016-12-04 22:38:03,32,21
2915,2017-07-16 16:41:01,92,63
2916,2017-07-31 23:24:19,279,17
2917,2017-01-22 18:02:15,969,37
2918,2017-02-12 15:05:49,641,92
2919,2017-02-24 04:39:40,632,65
2920,2016-10-09 15:20:35,7,41
2921,2016-10-23 14:41:39,777,44
2922,2017-08-01 05:02:20,969,3
2923,2017-01-02 17:47:03,257,1
2924,2017-01-01 02:17:48,389,59
2925,2017-08-01 20:15:00,458,1
2926,2016-12-20 12:25:57,332,5
2927,2017-01-31 02:21:35,623,16
2928,2017-01-24 19:19:50,648,86
2929,2017-03-07 23:19:10,595,68
2930,2016-10-13 04:57:21,63,69
2931,2016-10-16 23:21:44,308,35
2932,2017-02-23 06:55:45,848,28
2933,2017-06-16 04:34:18,706,49
2934,2017-02-22 04:44:27,196,34
2935,2017-01-05 21:39:56,134,21
2936,2017-04-15 18:27:31,744,92
2937,2017-01-28 16:12:25,636,72
2938,2017-05-08 22:48:26,934,90
2939,2016-11-22 13:09:38,721,33
2940,2017-02-25 15:47:06,475,18
2941,2017-08-01 12:50:55,326,81
2942,2017-08-30 09:02:31,228,95
2943,2016-12-31 00:59:00,964,88
2944,2017-05-10 01:50:58,803,56
2945,2017-01-29 17:52:13,555,87
2946,2017-04-12 03:51:37,244,87
2947,2017-02-20 12:22:31,207,10
2948,2017-06-10 14:40:16,139,92
2949,2017-01-04 01:43:49,581,34
2950,2017-06-12 00:52:42,250,72
2951,2016-11-03 11:50:51,536,100
2952,2016-12-17 21:04:16,625,18
2953,2017-03-02 03:17:29,706,56
2954,2016-12-15 21:29:44,63,43
2955,2017-06-10 13:15:40,881,54
2956,2016-10-08 11:54:27,604,21
2957,2017-06-12 05:35:00,344,84
2958,2017-03-20 13:15:27,153,31
2959,2016-11-12 10:34:07,707,96
2960,2016-09-27 04:26:57,866,27
2961,2016-11-09 22:56:14,820,11
2962,2016-10-05 08:01:14,124,3
2963,2017-05-27 11:16:21,202,27
2964,2016-10-01 20:57:50,938,79
2965,2017-07-06 20:55:53,597,19
2966,2017-01-02 17:25:11,496,14
2967,2016-10-17 22:49:49,181,13
2968,2017-07-28 08:54:47,304,89
2969,2017-05-17 13:22:29,679,37
2970,2017-05-08 21:06:12,313,56
2971,2017-04-03 19:46:51,904,92
2972,2017-03-18 17:28:11,764,25
2973,2016-11-30 02:14:46,748,92
2974,2017-02-20 21:07:13,555,46
2975,2017-01-12 11:22:25,872,43
2976,2016-11-22 10:37:49,715,70
2977,2017-07-26 21:47:23,531,84
2978,2017-04-07 16:25:21,718,74
2979,2017-07-24 21:45:04,100,66
2980,2017-02-07 04:47:23,514,70
2981,2016-10-12 19:22:38,843,1
2982,2017-09-01 17:19:04,828,3
2983,2016-12-27 00:28:33,130,14
2984,2016-11-09 05:14:50,910,81
2985,2017-02-17 06:52:39,497,23
2986,2016-11-04 14:20:30,367,41
2987,2017-08-10 18:34:49,140,14
2988,2016-11-27 21:16:57,648,89
2989,2016-11-29 18:45:53,47,21
2990,2017-07-29 04:51:57,341,92
2991,2016-11-18 14:21:14,623,6
2992,2017-06-04 00:40:22,609,16
2993,2017-05-08 09:56:44,893,33
2994,2017-01-21 12:21:44,885,100
2995,2017-06-24 16:30:48,982,40
2996,2017-08-11 19:06:15,687,83
2997,2017-02-20 01:29:30,407,52
2998,2017-09-08 01:07:40,847,54
2999,2017-08-22 00:50:58,645,76
3000,2016-11-05 00:36:14,345,15
