_id,title,version,price
1,Omnis vitae iusto.,7eeefaa2b83e5df2eae36457d34afc2f,2
2,Et fuga.,9ae5ede005d67f9e64462f0bb10f6b83,5
3,Architecto quia corporis.,bd47998d3276011823c9cb3547fd6c4f,0
4,Sequi placeat occaecati.,f9f78535dd25d9130701c078d7e03c23,6194
5,Eveniet quo.,4a6fb6d3ee3383f7ed962d8930fbfee5,142106696
6,Deserunt dolorem et.,17090f560de90b0fa939c052f0712d6d,519708
7,Deleniti nemo.,e320b8363f9930a921aa6359b3d0148a,113126801
8,Quas aut.,a61548ff843823f0896aaf451541380d,2
9,Dolorum commodi minima.,cd42434d7376d2da72acc8f152df9199,7
10,Saepe qui nemo.,d81acd712d3e1360c8dccfe3900538a0,6328
11,Expedita non.,d1e1ef6aa10a94e511bbe89256843351,389125
12,Tempora veritatis placeat.,58bc6caa75d68657ed1fe4ffe22d1564,0
13,Vel itaque.,fcadde19d3a569bc329f01393957aaf1,41
14,Officia accusamus.,901389b7062218ebc492c50d7b8f20c8,1
15,Nisi tempore quia.,7144ae08330a4e32c1e2a02d2ce5dc35,4930761
16,Nulla quae in.,b0307f0a692ab8d3424499af233d4cd1,963540
17,Dolorem ab.,0495e738a2dee0b6283bdde80c3301df,62719
18,Dolores voluptate necessitatibus.,90cf3274a5afc526b87ee50840598d0b,903711
19,Dolor esse nisi.,a870bea03ac582619210b954a1ca5733,0
20,Explicabo voluptatum.,510d4059e7ad2d65d577c5626c022ce0,193711091
21,Qui sed.,eab795d363be9c25bf87edf8908ff735,12
22,Dolorem exercitationem culpa.,47524f350e5f0a256371f79cece11732,73728540
23,Nam ad.,166e8bb3d253fcec5ed6972933159b6e,17882
24,Perferendis aut saepe.,afa2040e1dff4e2952982427572378fb,16
25,Quam omnis fugiat.,f9c5f04744e8ec64b7506fdfbe8f9842,0
26,Temporibus ullam.,27a6fc01b1d76c45476f9f54e9c21685,0
27,Distinctio occaecati esse.,acb8e534f3bee2d83dbf2e480fb5a7b5,3240
28,Eius numquam qui.,493839a5f66918dc328a803861029b5b,7785721
29,Error reprehenderit.,912b0e6ee929d1bcd19fc09cc54428ec,79548034
30,Eius eos ea.,f7f65597e620a96d6413778493fd050a,0
31,Et ea qui.,a1aa7f3fe64f7ac834c00584023dcca2,251454
32,Blanditiis omnis qu_idem.,83d73aadb82be63f3991a44c6f479faa,8621
33,Et _id.,745f3f4a26abf7bd3898e7a832aaf7e3,0
34,Modi eaque.,d2487569da5035f1953779e0bb0e925b,3
35,Sint molestiae odio.,7df7134465954093c8b2a2258317e3d0,146045
36,Et iusto et.,480554628bf3e1e1723075daa7445025,419
37,Iure minus et.,e5d9003cf21244cb8b4d3b6b0df03733,9
38,Laborum facilis et.,467d25bccc60d14d8e9402bbd22fc4c8,26849
39,Veritatis voluptatem facilis.,6df70d221298ebc4c294e822cfb5e899,1661
40,Prov_ident vero.,498dd57b76c64c2309ca0eb8be371f65,57433
41,Animi et quibusdam.,caf2891de0c74d2b3e5623c04a46df50,0
42,Voluptas ipsa.,87c372d1891fcfdec3dd2f929843f62f,334
43,Voluptas vel.,7f6dd42423bd0b452805e8f1c9a0baee,6297
44,Vitae sapiente alias.,351877ef0f0a87ee3c52699737afac10,161455
45,Enim optio.,3a4ea44ac4af228cf1e77f92212d27a5,193261
46,Fuga aut perferendis.,aba33f340bed62554f64b448e786adec,311206
47,Fuga sit.,059f893f63b21451d0c5ebdd33a46f7c,3534
48,Nulla hic ut.,7ca5da358576f98a935cfb953ba6fe00,5810096
49,Quo voluptas eos.,80002a99df60fa4727a6f51375181c93,180932
50,Ex in numquam.,02c21f19175353958dbcd4b306514480,8
51,Repudiandae unde.,04f97ac5b68c9b4d02fc3c2830e5a853,308489
52,Labore dolores aut.,0e02658b649e71e114aefe93a880239e,30490652
53,Non maiores sint.,732d463a5fb813cff73eaf38d3394798,7
54,Velit _id et.,7b1c52d96c2ed45fbe86239f6654c567,2788238
55,Quo fugit inc_idunt.,15d7b681f5f5dfc7160a9787e340fdcc,22621
56,Qui nemo.,4e47ae1dd7e65a885befa255f0fde662,0
57,Non praesentium occaecati.,d39961aa7b7bba070e77878c78db551e,0
58,Dolor et.,7b3a7910310919b40ac4f0c1b87b2fe7,31
59,Ratione ut quaerat.,e0f15ba8bf1519f75833923b30cb8a43,170038
60,Fugiat ipsa.,10dc8cc7d475f8851cf4a4a9f5921155,76352
61,Eveniet veniam.,465467d31b96e8dbbd1a1962ffb3b909,48
62,Quis ut non.,21a5b41d831daa189f1405539b04d3fe,35904043
63,Qui ut eos.,054f49a33d2942bc81b02da60e911239,2007186
64,Laudantium debitis.,7bc35fb221f97fe38b3df842f9e6cc71,0
65,Deserunt dolorem aut.,4048b0330b6d4c8faad263a4ea89f5fe,8652937
66,Culpa quis.,705244246097cb24e4a607f2a9787dc0,630303307
67,Ut qui.,76f3added3f7d9a01d41711e69780690,476750000
68,Dolores sit.,f8ba6862ccb23fc49d8b964a7f373a54,6
69,Quisquam fugiat.,690d9c5e520e2c70e767a4b8ee6581e0,81058438
70,Nostrum odio.,282d4c62dcd10e2dd3f2b58d6d37a0d7,197
71,Quis voluptas non.,7e3fb65a891809a134e0e876a79d0d38,4
72,Enim sit quo.,2e8d5705ec2c0a5109f59171813692b2,32332
73,Officiis nam molestiae.,4f0b6dd23ae81cf07853b9537172240a,78
74,Veritatis blanditiis.,5be1bdd91d4accb191d09828eeacf674,841
75,Et consequuntur sit.,14a10ae65f26d0ecc3dcd1e03e8cb5a0,7263
76,Nam eius.,aa63df1d7cd44f4f17723ebfd744d77f,1762539
77,Sit voluptate.,59560e63da1a694ee61b89651f76d5a2,9
78,Ut vel autem.,d4246c0732a1d37a792a0455fa224203,219396792
79,Ut exercitationem.,be9daad6409a2650a400a17e65391100,132
80,Accusantium doloribus.,2af4aefc54487ea3b64a4873d084d929,5491055
81,Aut odio tenetur.,3c27793e5cfdfc7537375714843d57e5,5542555
82,Repellat eos qui.,8dc3fd3eafe85bb197c2056b6c2d1f7e,1405805
83,Optio qu_idem facere.,de4f7e18404fa89c93fe2b700697bfdb,1340639
84,Qui ut.,8805f7d53c2fd9eab1b5fb1904140ed7,84
85,Asperiores voluptatum corrupti.,b96ff97b7227d7dbf591d84465d255e2,5695726
86,Quaerat eos.,305121b328839918f60b8367c8c58e58,13
87,Quaerat suscipit vel.,4aef0cc8301f53d9e0f9354c6cd07328,9624170
88,Sunt est.,dbf528c000a0eefe859baeb270bc9591,3093704
89,Sit voluptatibus.,b1d2b7e744c3fb6d42aaba95bee984a0,116
90,Adipisci commodi.,c1aa1ec45eabe0ce51a4e9ee2e2b5443,51279
91,Harum nihil minus.,fcc7bf092ec5328302e595a798fc031f,32995318
92,Sunt officiis fuga.,3d5e88a98b6a066b6c562c538f62a41f,137723502
93,Omnis fuga assumenda.,1c851b1698bf706ab079946536b932e6,3791222
94,Sequi tempore.,67dc80c0365b974f44e634f3ca251d8c,5096884
95,Sed vitae.,0ec4d08f0c9798d6dbd2bc7c4d5584d2,655952
96,Amet ut nihil.,1671310945d2ffbbcadb4b3f7c865b16,2
97,Doloribus optio eos.,c1f561c2feff9dbb79e622b32e63e180,3961
98,Minus voluptatem sit.,0fb1234b075739867b91e4c0c6e424c7,586975
99,Praesentium veniam.,340b95f9a0dca69f6437241f3486dec3,35794
100,Error eius itaque.,b5a3fdf1a523803af38a0af29579de9b,660
